,price,price_open,price_high,price_low,change
0,4333.70,4333.70,4333.70,4333.70,4333.70
1,4331.80,4331.80,4331.80,4331.80,4331.80
2,4341.70,4341.70,4341.70,4341.70,4341.70
3,4351.50,4351.50,4351.50,4351.50,4351.50
4,4325.20,4325.20,4325.20,4325.20,4325.20
5,4129.10,4129.10,4129.10,4129.10,4129.10
6,4074.00,4074.00,4074.00,4074.00,4074.00
7,4002.50,4002.50,4002.50,4002.50,4002.50
8,4064.30,4064.30,4064.30,4064.30,4064.30
9,4145.10,4145.10,4145.10,4145.10,4145.10
10,4090.20,4090.20,4090.20,4090.20,4090.20
11,4260.00,4260.00,4260.00,4260.00,4260.00
12,4386.30,4386.30,4386.30,4386.30,4386.30
13,4151.90,4151.90,4151.90,4151.90,4151.90
14,4319.50,4319.50,4319.50,4319.50,4319.50
15,4053.30,4053.30,4053.30,4053.30,4053.30
16,3865.50,3865.50,3865.50,3865.50,3865.50
17,3644.10,3644.10,3644.10,3644.10,3644.10
18,3407.90,3407.90,3407.90,3407.90,3407.90
19,3339.90,3339.90,3339.90,3339.90,3339.90
20,3415.00,3415.00,3415.00,3415.00,3415.00
21,3396.70,3396.70,3396.70,3396.70,3396.70
22,3227.90,3227.90,3227.90,3227.90,3227.90
23,3256.40,3256.40,3256.40,3256.40,3256.40
24,2860.00,2860.00,2860.00,2860.00,2860.00
25,2790.30,2790.30,2790.30,2790.30,2790.30
26,2702.00,2702.00,2702.00,2702.00,2702.00
27,2731.20,2731.20,2731.20,2731.20,2731.20
28,2856.00,2856.00,2856.00,2856.00,2856.00
29,2749.00,2749.00,2749.00,2749.00,2749.00
30,2714.10,2714.10,2714.10,2714.10,2714.10
31,2784.80,2784.80,2784.80,2784.80,2784.80
32,2664.90,2664.90,2664.90,2664.90,2664.90
33,2525.70,2525.70,2525.70,2525.70,2525.70
34,2560.90,2560.90,2560.90,2560.90,2560.90
35,2769.70,2769.70,2769.70,2769.70,2769.70
36,2747.50,2747.50,2747.50,2747.50,2747.50
37,2845.70,2845.70,2845.70,2845.70,2845.70
38,2664.00,2664.00,2664.00,2664.00,2664.00
39,2856.30,2856.30,2856.30,2856.30,2856.30
40,2253.10,2253.10,2253.10,2253.10,2253.10
41,2302.10,2302.10,2302.10,2302.10,2302.10
42,2219.00,2219.00,2219.00,2219.00,2219.00
43,1924.90,1924.90,1924.90,1924.90,1924.90
44,1978.60,1978.60,1978.60,1978.60,1978.60
45,2205.10,2205.10,2205.10,2205.10,2205.10
46,2329.00,2329.00,2329.00,2329.00,2329.00
47,2374.40,2374.40,2374.40,2374.40,2374.40
48,2282.10,2282.10,2282.10,2282.10,2282.10
49,2318.30,2318.30,2318.30,2318.30,2318.30
50,2478.00,2478.00,2478.00,2478.00,2478.00
51,2542.00,2542.00,2542.00,2542.00,2542.00
52,2479.30,2479.30,2479.30,2479.30,2479.30
53,2593.10,2593.10,2593.10,2593.10,2593.10
54,2598.50,2598.50,2598.50,2598.50,2598.50
55,2582.60,2582.60,2582.60,2582.60,2582.60
56,2524.00,2524.00,2524.00,2524.00,2524.00
57,2445.00,2445.00,2445.00,2445.00,2445.00
58,2349.50,2349.50,2349.50,2349.50,2349.50
59,2420.70,2420.70,2420.70,2420.70,2420.70
60,2470.10,2470.10,2470.10,2470.10,2470.10
61,2518.20,2518.20,2518.20,2518.20,2518.20
62,2521.20,2521.20,2521.20,2521.20,2521.20
63,2394.60,2394.60,2394.60,2394.60,2394.60
64,2477.70,2477.70,2477.70,2477.70,2477.70
65,2502.60,2502.60,2502.60,2502.60,2502.60
66,2674.90,2674.90,2674.90,2674.90,2674.90
67,2672.80,2672.80,2672.80,2672.80,2672.80
68,2621.20,2621.20,2621.20,2621.20,2621.20
69,2712.20,2712.20,2712.20,2712.20,2712.20
70,2580.80,2580.80,2580.80,2580.80,2580.80
71,2491.50,2491.50,2491.50,2491.50,2491.50
72,2610.00,2610.00,2610.00,2610.00,2610.00
73,2437.00,2437.00,2437.00,2437.00,2437.00
74,2377.40,2377.40,2377.40,2377.40,2377.40
75,2395.04,2395.04,2395.04,2395.04,2395.04
76,2676.40,2676.40,2676.40,2676.40,2676.40
77,2571.80,2571.80,2571.80,2571.80,2571.80
78,2936.30,2936.30,2936.30,2936.30,2936.30
79,2806.00,2806.00,2806.00,2806.00,2806.00
80,2809.00,2809.00,2809.00,2809.00,2809.00
81,2782.10,2782.10,2782.10,2782.10,2782.10
82,2642.63,2642.63,2642.63,2642.63,2642.63
83,2843.60,2843.60,2843.60,2843.60,2843.60
84,2636.20,2636.20,2636.20,2636.20,2636.20
85,2488.20,2488.20,2488.20,2488.20,2488.20
86,2461.00,2461.00,2461.00,2461.00,2461.00
87,2405.88,2405.88,2405.88,2405.88,2405.88
88,2311.60,2311.60,2311.60,2311.60,2311.60
89,2191.83,2191.83,2191.83,2191.83,2191.83
90,2146.70,2146.70,2146.70,2146.70,2146.70
91,2207.40,2207.40,2207.40,2207.40,2207.40
92,2056.60,2056.60,2056.60,2056.60,2056.60
93,1972.30,1972.30,1972.30,1972.30,1972.30
94,2127.30,2127.30,2127.30,2127.30,2127.30
95,2252.00,2252.00,2252.00,2252.00,2252.00
96,2394.80,2394.80,2394.80,2394.80,2394.80
97,2249.30,2249.30,2249.30,2249.30,2249.30
98,2085.50,2085.50,2085.50,2085.50,2085.50
99,2029.20,2029.20,2029.20,2029.20,2029.20
100,2059.70,2059.70,2059.70,2059.70,2059.70
101,1966.50,1966.50,1966.50,1966.50,1966.50
102,1941.50,1941.50,1941.50,1941.50,1941.50
103,1870.00,1870.00,1870.00,1870.00,1870.00
104,1785.70,1785.70,1785.70,1785.70,1785.70
105,1772.50,1772.50,1772.50,1772.50,1772.50
106,1828.10,1828.10,1828.10,1828.10,1828.10
107,1820.40,1820.40,1820.40,1820.40,1820.40
108,1735.00,1735.00,1735.00,1735.00,1735.00
109,1853.90,1853.90,1853.90,1853.90,1853.90
110,1796.80,1796.80,1796.80,1796.80,1796.80
111,1760.00,1760.00,1760.00,1760.00,1760.00
112,1703.20,1703.20,1703.20,1703.20,1703.20
113,1619.90,1619.90,1619.90,1619.90,1619.90
114,1597.10,1597.10,1597.10,1597.10,1597.10
115,1545.10,1545.10,1545.10,1545.10,1545.10
116,1607.10,1607.10,1607.10,1607.10,1607.10
117,1617.80,1617.80,1617.80,1617.80,1617.80
118,1560.00,1560.00,1560.00,1560.00,1560.00
119,1533.10,1533.10,1533.10,1533.10,1533.10
120,1435.20,1435.20,1435.20,1435.20,1435.20
121,1423.60,1423.60,1423.60,1423.60,1423.60
122,1415.60,1415.60,1415.60,1415.60,1415.60
123,1440.30,1440.30,1440.30,1440.30,1440.30
124,1399.30,1399.30,1399.30,1399.30,1399.30
125,1370.30,1370.30,1370.30,1370.30,1370.30
126,1345.00,1345.00,1345.00,1345.00,1345.00
127,1355.20,1355.20,1355.20,1355.20,1355.20
128,1347.50,1347.50,1347.50,1347.50,1347.50
129,1325.60,1325.60,1325.60,1325.60,1325.60
130,1308.40,1308.40,1308.40,1308.40,1308.40
131,1260.50,1260.50,1260.50,1260.50,1260.50
132,1265.40,1265.40,1265.40,1265.40,1265.40
133,1240.00,1240.00,1240.00,1240.00,1240.00
134,1212.00,1212.00,1212.00,1212.00,1212.00
135,1193.30,1193.30,1193.30,1193.30,1193.30
136,1206.80,1206.80,1206.80,1206.80,1206.80
137,1187.00,1187.00,1187.00,1187.00,1187.00
138,1227.40,1227.40,1227.40,1227.40,1227.40
139,1235.60,1235.60,1235.60,1235.60,1235.60
140,1220.30,1220.30,1220.30,1220.30,1220.30
141,1215.90,1215.90,1215.90,1215.90,1215.90
142,1188.10,1188.10,1188.10,1188.10,1188.10
143,1196.60,1196.60,1196.60,1196.60,1196.60
144,1191.50,1191.50,1191.50,1191.50,1191.50
145,1140.60,1140.60,1140.60,1140.60,1140.60
146,1145.00,1145.00,1145.00,1145.00,1145.00
147,1150.20,1150.20,1150.20,1150.20,1150.20
148,1107.60,1107.60,1107.60,1107.60,1107.60
149,1093.20,1093.20,1093.20,1093.20,1093.20
150,1081.70,1081.70,1081.70,1081.70,1081.70
151,1041.00,1041.00,1041.00,1041.00,1041.00
152,1041.80,1041.80,1041.80,1041.80,1041.80
153,1044.70,1044.70,1044.70,1044.70,1044.70
154,1042.70,1042.70,1042.70,1042.70,1042.70
155,969.00,969.00,969.00,969.00,969.00
156,972.17,972.17,972.17,972.17,972.17
157,943.10,943.10,943.10,943.10,943.10
158,1033.00,1033.00,1033.00,1033.00,1033.00
159,1039.10,1039.10,1039.10,1039.10,1039.10
160,1115.00,1115.00,1115.00,1115.00,1115.00
161,1039.00,1039.00,1039.00,1039.00,1039.00
162,1016.10,1016.10,1016.10,1016.10,1016.10
163,971.00,971.00,971.00,971.00,971.00
164,1068.40,1068.40,1068.40,1068.40,1068.40
165,1169.00,1169.00,1169.00,1169.00,1169.00
166,1256.10,1256.10,1256.10,1256.10,1256.10
167,1245.00,1245.00,1245.00,1245.00,1245.00
168,1238.50,1238.50,1238.50,1238.50,1238.50
169,1225.20,1225.20,1225.20,1225.20,1225.20
170,1172.80,1172.80,1172.80,1172.80,1172.80
171,1113.60,1113.60,1113.60,1113.60,1113.60
172,1190.40,1190.40,1190.40,1190.40,1190.40
173,1149.30,1149.30,1149.30,1149.30,1149.30
174,1232.40,1232.40,1232.40,1232.40,1232.40
175,1279.30,1279.30,1279.30,1279.30,1279.30
176,1278.40,1278.40,1278.40,1278.40,1278.40
177,1267.80,1267.80,1267.80,1267.80,1267.80
178,1288.20,1288.20,1288.20,1288.20,1288.20
179,1262.30,1262.30,1262.30,1262.30,1262.30
180,1232.80,1232.80,1232.80,1232.80,1232.80
181,1189.10,1189.10,1189.10,1189.10,1189.10
182,1195.50,1195.50,1195.50,1195.50,1195.50
183,1178.30,1178.30,1178.30,1178.30,1178.30
184,1153.00,1153.00,1153.00,1153.00,1153.00
185,1185.10,1185.10,1185.10,1185.10,1185.10
186,1190.90,1190.90,1190.90,1190.90,1190.90
187,1125.30,1125.30,1125.30,1125.30,1125.30
188,1129.60,1129.60,1129.60,1129.60,1129.60
189,1091.20,1091.20,1091.20,1091.20,1091.20
190,1056.20,1056.20,1056.20,1056.20,1056.20
191,1059.80,1059.80,1059.80,1059.80,1059.80
192,1056.20,1056.20,1056.20,1056.20,1056.20
193,1038.40,1038.40,1038.40,1038.40,1038.40
194,1013.80,1013.80,1013.80,1013.80,1013.80
195,1013.70,1013.70,1013.70,1013.70,1013.70
196,996.50,996.50,996.50,996.50,996.50
197,996.01,996.01,996.01,996.01,996.01
198,1000.30,1000.30,1000.30,1000.30,1000.30
199,992.00,992.00,992.00,992.00,992.00
200,984.97,984.97,984.97,984.97,984.97
201,1048.80,1048.80,1048.80,1048.80,1048.80
202,1052.10,1052.10,1052.10,1052.10,1052.10
203,1022.60,1022.60,1022.60,1022.60,1022.60
204,1006.60,1006.60,1006.60,1006.60,1006.60
205,1031.10,1031.10,1031.10,1031.10,1031.10
206,1015.70,1015.70,1015.70,1015.70,1015.70
207,1005.70,1005.70,1005.70,1005.70,1005.70
208,983.73,983.73,983.73,983.73,983.73
209,966.19,966.19,966.19,966.19,966.19
210,917.36,917.36,917.36,917.36,917.36
211,912.56,912.56,912.56,912.56,912.56
212,919.43,919.43,919.43,919.43,919.43
213,916.70,916.70,916.70,916.70,916.70
214,915.12,915.12,915.12,915.12,915.12
215,893.35,893.35,893.35,893.35,893.35
216,886.10,886.10,886.10,886.10,886.10
217,910.03,910.03,910.03,910.03,910.03
218,923.72,923.72,923.72,923.72,923.72
219,924.02,924.02,924.02,924.02,924.02
220,895.96,895.96,895.96,895.96,895.96
221,900.29,900.29,900.29,900.29,900.29
222,887.76,887.76,887.76,887.76,887.76
223,903.99,903.99,903.99,903.99,903.99
224,830.10,830.10,830.10,830.10,830.10
225,820.74,820.74,820.74,820.74,820.74
226,815.30,815.30,815.30,815.30,815.30
227,828.12,828.12,828.12,828.12,828.12
228,804.58,804.58,804.58,804.58,804.58
229,778.58,778.58,778.58,778.58,778.58
230,905.76,905.76,905.76,905.76,905.76
231,903.00,903.00,903.00,903.00,903.00
232,915.90,915.90,915.90,915.90,915.90
233,908.84,908.84,908.84,908.84,908.84
234,898.00,898.00,898.00,898.00,898.00
235,1003.20,1003.20,1003.20,1003.20,1003.20
236,1139.60,1139.60,1139.60,1139.60,1139.60
237,1037.50,1037.50,1037.50,1037.50,1037.50
238,1019.30,1019.30,1019.30,1019.30,1019.30
239,998.99,998.99,998.99,998.99,998.99
240,966.58,966.58,966.58,966.58,966.58
241,959.26,959.26,959.26,959.26,959.26
242,972.63,972.63,972.63,972.63,972.63
243,981.70,981.70,981.70,981.70,981.70
244,936.32,936.32,936.32,936.32,936.32
245,906.40,906.40,906.40,906.40,906.40
246,897.99,897.99,897.99,897.99,897.99
247,895.24,895.24,895.24,895.24,895.24
248,918.99,918.99,918.99,918.99,918.99
249,859.20,859.20,859.20,859.20,859.20
250,829.99,829.99,829.99,829.99,829.99
251,797.99,797.99,797.99,797.99,797.99
252,790.59,790.59,790.59,790.59,790.59
253,790.21,790.21,790.21,790.21,790.21
254,790.99,790.99,790.99,790.99,790.99
255,784.17,784.17,784.17,784.17,784.17
256,777.43,777.43,777.43,777.43,777.43
257,774.49,774.49,774.49,774.49,774.49
258,775.00,775.00,775.00,775.00,775.00
259,777.99,777.99,777.99,777.99,777.99
260,770.21,770.21,770.21,770.21,770.21
261,772.90,772.90,772.90,772.90,772.90
262,770.50,770.50,770.50,770.50,770.50
263,765.01,765.01,765.01,765.01,765.01
264,765.01,765.01,765.01,765.01,765.01
265,757.36,757.36,757.36,757.36,757.36
266,750.62,750.62,750.62,750.62,750.62
267,768.50,768.50,768.50,768.50,768.50
268,765.27,765.27,765.27,765.27,765.27
269,774.91,774.91,774.91,774.91,774.91
270,755.36,755.36,755.36,755.36,755.36
271,739.00,739.00,739.00,739.00,739.00
272,731.05,731.05,731.05,731.05,731.05
273,731.52,731.52,731.52,731.52,731.52
274,724.99,724.99,724.99,724.99,724.99
275,731.19,731.19,731.19,731.19,731.19
276,740.36,740.36,740.36,740.36,740.36
277,737.68,737.68,737.68,737.68,737.68
278,741.99,741.99,741.99,741.99,741.99
279,750.05,750.05,750.05,750.05,750.05
280,738.99,738.99,738.99,738.99,738.99
281,729.67,729.67,729.67,729.67,729.67
282,752.90,752.90,752.90,752.90,752.90
283,753.97,753.97,753.97,753.97,753.97
284,740.67,740.67,740.67,740.67,740.67
285,744.99,744.99,744.99,744.99,744.99
286,712.17,712.17,712.17,712.17,712.17
287,707.43,707.43,707.43,707.43,707.43
288,704.09,704.09,704.09,704.09,704.09
289,702.55,702.55,702.55,702.55,702.55
290,714.51,714.51,714.51,714.51,714.51
291,693.47,693.47,693.47,693.47,693.47
292,688.67,688.67,688.67,688.67,688.67
293,678.70,678.70,678.70,678.70,678.70
294,659.52,659.52,659.52,659.52,659.52
295,654.65,654.65,654.65,654.65,654.65
296,659.03,659.03,659.03,659.03,659.03
297,664.99,664.99,664.99,664.99,664.99
298,636.73,636.73,636.73,636.73,636.73
299,632.46,632.46,632.46,632.46,632.46
300,631.77,631.77,631.77,631.77,631.77
301,638.80,638.80,638.80,638.80,638.80
302,639.79,639.79,639.79,639.79,639.79
303,644.17,644.17,644.17,644.17,644.17
304,640.20,640.20,640.20,640.20,640.20
305,643.00,643.00,643.00,643.00,643.00
306,637.01,637.01,637.01,637.01,637.01
307,637.63,637.63,637.63,637.63,637.63
308,641.74,641.74,641.74,641.74,641.74
309,618.87,618.87,618.87,618.87,618.87
310,616.56,616.56,616.56,616.56,616.56
311,620.50,620.50,620.50,620.50,620.50
312,620.13,620.13,620.13,620.13,620.13
313,613.51,613.51,613.51,613.51,613.51
314,614.09,614.09,614.09,614.09,614.09
315,610.98,610.98,610.98,610.98,610.98
316,612.57,612.57,612.57,612.57,612.57
317,609.09,609.09,609.09,609.09,609.09
318,614.09,614.09,614.09,614.09,614.09
319,611.10,611.10,611.10,611.10,611.10
320,604.60,604.60,604.60,604.60,604.60
321,603.76,603.76,603.76,603.76,603.76
322,605.53,605.53,605.53,605.53,605.53
323,609.14,609.14,609.14,609.14,609.14
324,600.36,600.36,600.36,600.36,600.36
325,602.55,602.55,602.55,602.55,602.55
326,603.29,603.29,603.29,603.29,603.29
327,597.08,597.08,597.08,597.08,597.08
328,597.43,597.43,597.43,597.43,597.43
329,600.05,600.05,600.05,600.05,600.05
330,609.79,609.79,609.79,609.79,609.79
331,613.03,613.03,613.03,613.03,613.03
332,607.69,607.69,607.69,607.69,607.69
333,610.01,610.01,610.01,610.01,610.01
334,611.81,611.81,611.81,611.81,611.81
335,613.88,613.88,613.88,613.88,613.88
336,614.23,614.23,614.23,614.23,614.23
337,611.62,611.62,611.62,611.62,611.62
338,612.08,612.08,612.08,612.08,612.08
339,628.00,628.00,628.00,628.00,628.00
340,626.25,626.25,626.25,626.25,626.25
341,631.73,631.73,631.73,631.73,631.73
342,619.75,619.75,619.75,619.75,619.75
343,615.23,615.23,615.23,615.23,615.23
344,611.50,611.50,611.50,611.50,611.50
345,614.52,614.52,614.52,614.52,614.52
346,609.89,609.89,609.89,609.89,609.89
347,579.85,579.85,579.85,579.85,579.85
348,572.73,572.73,572.73,572.73,572.73
349,576.15,576.15,576.15,576.15,576.15
350,579.49,579.49,579.49,579.49,579.49
351,574.78,574.78,574.78,574.78,574.78
352,574.17,574.17,574.17,574.17,574.17
353,568.55,568.55,568.55,568.55,568.55
354,578.01,578.01,578.01,578.01,578.01
355,577.20,577.20,577.20,577.20,577.20
356,580.32,580.32,580.32,580.32,580.32
357,583.54,583.54,583.54,583.54,583.54
358,588.01,588.01,588.01,588.01,588.01
359,581.42,581.42,581.42,581.42,581.42
360,582.01,582.01,582.01,582.01,582.01
361,573.50,573.50,573.50,573.50,573.50
362,572.21,572.21,572.21,572.21,572.21
363,571.83,571.83,571.83,571.83,571.83
364,574.24,574.24,574.24,574.24,574.24
365,564.64,564.64,564.64,564.64,564.64
366,569.44,569.44,569.44,569.44,569.44
367,583.73,583.73,583.73,583.73,583.73
368,585.50,585.50,585.50,585.50,585.50
369,591.27,591.27,591.27,591.27,591.27
370,590.28,590.28,590.28,590.28,590.28
371,604.10,604.10,604.10,604.10,604.10
372,604.10,604.10,604.10,604.10,604.10
373,604.10,604.10,604.10,604.10,604.10
374,604.00,604.00,604.00,604.00,604.00
375,607.99,607.99,607.99,607.99,607.99
376,623.67,623.67,623.67,623.67,623.67
377,654.99,654.99,654.99,654.99,654.99
378,658.34,658.34,658.34,658.34,658.34
379,654.51,654.51,654.51,654.51,654.51
380,648.47,648.47,648.47,648.47,648.47
381,654.17,654.17,654.17,654.17,654.17
382,661.82,661.82,661.82,661.82,661.82
383,654.03,654.03,654.03,654.03,654.03
384,648.04,648.04,648.04,648.04,648.04
385,665.01,665.01,665.01,665.01,665.01
386,665.85,665.85,665.85,665.85,665.85
387,675.00,675.00,675.00,675.00,675.00
388,674.30,674.30,674.30,674.30,674.30
389,683.20,683.20,683.20,683.20,683.20
390,665.33,665.33,665.33,665.33,665.33
391,665.50,665.50,665.50,665.50,665.50
392,659.78,659.78,659.78,659.78,659.78
393,653.70,653.70,653.70,653.70,653.70
394,667.19,667.19,667.19,667.19,667.19
395,647.95,647.95,647.95,647.95,647.95
396,649.72,649.72,649.72,649.72,649.72
397,648.11,648.11,648.11,648.11,648.11
398,664.80,664.80,664.80,664.80,664.80
399,640.51,640.51,640.51,640.51,640.51
400,677.04,677.04,677.04,677.04,677.04
401,667.76,667.76,667.76,667.76,667.76
402,681.34,681.34,681.34,681.34,681.34
403,659.29,659.29,659.29,659.29,659.29
404,705.04,705.04,705.04,705.04,705.04
405,674.75,674.75,674.75,674.75,674.75
406,674.74,674.74,674.74,674.74,674.74
407,639.68,639.68,639.68,639.68,639.68
408,646.30,646.30,646.30,646.30,646.30
409,662.20,662.20,662.20,662.20,662.20
410,627.42,627.42,627.42,627.42,627.42
411,664.87,664.87,664.87,664.87,664.87
412,666.05,666.05,666.05,666.05,666.05
413,625.80,625.80,625.80,625.80,625.80
414,606.02,606.02,606.02,606.02,606.02
415,668.88,668.88,668.88,668.88,668.88
416,743.90,743.90,743.90,743.90,743.90
417,767.30,767.30,767.30,767.30,767.30
418,757.60,757.60,757.60,757.60,757.60
419,748.66,748.66,748.66,748.66,748.66
420,769.45,769.45,769.45,769.45,769.45
421,696.88,696.88,696.88,696.88,696.88
422,684.51,684.51,684.51,684.51,684.51
423,705.88,705.88,705.88,705.88,705.88
424,671.00,671.00,671.00,671.00,671.00
425,614.52,614.52,614.52,614.52,614.52
426,580.08,580.08,580.08,580.08,580.08
427,575.52,575.52,575.52,575.52,575.52
428,583.05,583.05,583.05,583.05,583.05
429,576.88,576.88,576.88,576.88,576.88
430,585.22,585.22,585.22,585.22,585.22
431,574.00,574.00,574.00,574.00,574.00
432,572.67,572.67,572.67,572.67,572.67
433,570.87,570.87,570.87,570.87,570.87
434,538.80,538.80,538.80,538.80,538.80
435,536.79,536.79,536.79,536.79,536.79
436,530.69,530.69,530.69,530.69,530.69
437,532.89,532.89,532.89,532.89,532.89
438,531.00,531.00,531.00,531.00,531.00
439,527.01,527.01,527.01,527.01,527.01
440,472.03,472.03,472.03,472.03,472.03
441,453.95,453.95,453.95,453.95,453.95
442,449.06,449.06,449.06,449.06,449.06
443,445.03,445.03,445.03,445.03,445.03
444,443.66,443.66,443.66,443.66,443.66
445,437.48,437.48,437.48,437.48,437.48
446,440.81,440.81,440.81,440.81,440.81
447,441.57,441.57,441.57,441.57,441.57
448,435.00,435.00,435.00,435.00,435.00
449,453.51,453.51,453.51,453.51,453.51
450,453.24,453.24,453.24,453.24,453.24
451,453.00,453.00,453.00,453.00,453.00
452,457.89,457.89,457.89,457.89,457.89
453,455.80,455.80,455.80,455.80,455.80
454,455.77,455.77,455.77,455.77,455.77
455,455.00,455.00,455.00,455.00,455.00
456,452.28,452.28,452.28,452.28,452.28
457,450.70,450.70,450.70,450.70,450.70
458,461.56,461.56,461.56,461.56,461.56
459,459.87,459.87,459.87,459.87,459.87
460,460.20,460.20,460.20,460.20,460.20
461,461.18,461.18,461.18,461.18,461.18
462,448.40,448.40,448.40,448.40,448.40
463,447.38,447.38,447.38,447.38,447.38
464,450.39,450.39,450.39,450.39,450.39
465,443.73,443.73,443.73,443.73,443.73
466,451.11,451.11,451.11,451.11,451.11
467,446.60,446.60,446.60,446.60,446.60
468,455.32,455.32,455.32,455.32,455.32
469,450.46,450.46,450.46,450.46,450.46
470,445.09,445.09,445.09,445.09,445.09
471,468.14,468.14,468.14,468.14,468.14
472,461.77,461.77,461.77,461.77,461.77
473,463.01,463.01,463.01,463.01,463.01
474,453.69,453.69,453.69,453.69,453.69
475,447.80,447.80,447.80,447.80,447.80
476,452.03,452.03,452.03,452.03,452.03
477,443.95,443.95,443.95,443.95,443.95
478,437.76,437.76,437.76,437.76,437.76
479,430.04,430.04,430.04,430.04,430.04
480,428.51,428.51,428.51,428.51,428.51
481,432.04,432.04,432.04,432.04,432.04
482,431.48,431.48,431.48,431.48,431.48
483,426.01,426.01,426.01,426.01,426.01
484,424.75,424.75,424.75,424.75,424.75
485,426.59,426.59,426.59,426.59,426.59
486,423.74,423.74,423.74,423.74,423.74
487,421.32,421.32,421.32,421.32,421.32
488,418.47,418.47,418.47,418.47,418.47
489,418.50,418.50,418.50,418.50,418.50
490,422.28,422.28,422.28,422.28,422.28
491,422.57,422.57,422.57,422.57,422.57
492,423.75,423.75,423.75,423.75,423.75
493,420.46,420.46,420.46,420.46,420.46
494,420.60,420.60,420.60,420.60,420.60
495,420.30,420.30,420.30,420.30,420.30
496,417.56,417.56,417.56,417.56,417.56
497,416.02,416.02,416.02,416.02,416.02
498,413.20,413.20,413.20,413.20,413.20
499,415.81,415.81,415.81,415.81,415.81
500,424.06,424.06,424.06,424.06,424.06
501,427.37,427.37,427.37,427.37,427.37
502,416.71,416.71,416.71,416.71,416.71
503,416.00,416.00,416.00,416.00,416.00
504,415.30,415.30,415.30,415.30,415.30
505,418.12,418.12,418.12,418.12,418.12
506,417.69,417.69,417.69,417.69,417.69
507,411.88,411.88,411.88,411.88,411.88
508,411.25,411.25,411.25,411.25,411.25
509,408.41,408.41,408.41,408.41,408.41
510,407.70,407.70,407.70,407.70,407.70
511,418.75,418.75,418.75,418.75,418.75
512,417.28,417.28,417.28,417.28,417.28
513,415.50,415.50,415.50,415.50,415.50
514,415.99,415.99,415.99,415.99,415.99
515,411.82,411.82,411.82,411.82,411.82
516,410.01,410.01,410.01,410.01,410.01
517,420.49,420.49,420.49,420.49,420.49
518,416.51,416.51,416.51,416.51,416.51
519,412.94,412.94,412.94,412.94,412.94
520,411.35,411.35,411.35,411.35,411.35
521,412.70,412.70,412.70,412.70,412.70
522,403.91,403.91,403.91,403.91,403.91
523,397.36,397.36,397.36,397.36,397.36
524,408.82,408.82,408.82,408.82,408.82
525,420.56,420.56,420.56,420.56,420.56
526,422.22,422.22,422.22,422.22,422.22
527,434.82,434.82,434.82,434.82,434.82
528,439.16,439.16,439.16,439.16,439.16
529,434.47,434.47,434.47,434.47,434.47
530,434.21,434.21,434.21,434.21,434.21
531,435.31,435.31,435.31,435.31,435.31
532,424.88,424.88,424.88,424.88,424.88
533,426.36,426.36,426.36,426.36,426.36
534,421.13,421.13,421.13,421.13,421.13
535,440.27,440.27,440.27,440.27,440.27
536,440.48,440.48,440.48,440.48,440.48
537,438.70,438.70,438.70,438.70,438.70
538,419.99,419.99,419.99,419.99,419.99
539,421.50,421.50,421.50,421.50,421.50
540,414.86,414.86,414.86,414.86,414.86
541,407.27,407.27,407.27,407.27,407.27
542,399.90,399.90,399.90,399.90,399.90
543,408.30,408.30,408.30,408.30,408.30
544,392.99,392.99,392.99,392.99,392.99
545,382.98,382.98,382.98,382.98,382.98
546,378.00,378.00,378.00,378.00,378.00
547,380.89,380.89,380.89,380.89,380.89
548,373.97,373.97,373.97,373.97,373.97
549,370.49,370.49,370.49,370.49,370.49
550,372.01,372.01,372.01,372.01,372.01
551,373.75,373.75,373.75,373.75,373.75
552,386.54,386.54,386.54,386.54,386.54
553,389.80,389.80,389.80,389.80,389.80
554,368.98,368.98,368.98,368.98,368.98
555,372.90,372.90,372.90,372.90,372.90
556,371.42,371.42,371.42,371.42,371.42
557,365.50,365.50,365.50,365.50,365.50
558,376.96,376.96,376.96,376.96,376.96
559,377.63,377.63,377.63,377.63,377.63
560,378.39,378.39,378.39,378.39,378.39
561,394.97,394.97,394.97,394.97,394.97
562,391.32,391.32,391.32,391.32,391.32
563,390.98,390.98,390.98,390.98,390.98
564,402.77,402.77,402.77,402.77,402.77
565,385.57,385.57,385.57,385.57,385.57
566,380.96,380.96,380.96,380.96,380.96
567,411.00,411.00,411.00,411.00,411.00
568,419.41,419.41,419.41,419.41,419.41
569,378.96,378.96,378.96,378.96,378.96
570,387.04,387.04,387.04,387.04,387.04
571,382.07,382.07,382.07,382.07,382.07
572,388.42,388.42,388.42,388.42,388.42
573,358.85,358.85,358.85,358.85,358.85
574,429.25,429.25,429.25,429.25,429.25
575,431.08,431.08,431.08,431.08,431.08
576,432.05,432.05,432.05,432.05,432.05
577,449.26,449.26,449.26,449.26,449.26
578,449.35,449.35,449.35,449.35,449.35
579,449.23,449.23,449.23,449.23,449.23
580,454.00,454.00,454.00,454.00,454.00
581,459.05,459.05,459.05,459.05,459.05
582,427.99,427.99,427.99,427.99,427.99
583,431.84,431.84,431.84,431.84,431.84
584,432.90,432.90,432.90,432.90,432.90
585,428.66,428.66,428.66,428.66,428.66
586,432.70,432.70,432.70,432.70,432.70
587,433.98,433.98,433.98,433.98,433.98
588,429.02,429.02,429.02,429.02,429.02
589,424.70,424.70,424.70,424.70,424.70
590,431.85,431.85,431.85,431.85,431.85
591,420.24,420.24,420.24,420.24,420.24
592,422.37,422.37,422.37,422.37,422.37
593,416.51,416.51,416.51,416.51,416.51
594,455.47,455.47,455.47,455.47,455.47
595,456.13,456.13,456.13,456.13,456.13
596,442.62,442.62,442.62,442.62,442.62
597,435.65,435.65,435.65,435.65,435.65
598,437.93,437.93,437.93,437.93,437.93
599,442.62,442.62,442.62,442.62,442.62
600,462.46,462.46,462.46,462.46,462.46
601,463.52,463.52,463.52,463.52,463.52
602,455.84,455.84,455.84,455.84,455.84
603,454.95,454.95,454.95,454.95,454.95
604,466.50,466.50,466.50,466.50,466.50
605,442.59,442.59,442.59,442.59,442.59
606,433.00,433.00,433.00,433.00,433.00
607,435.67,435.67,435.67,435.67,435.67
608,456.28,456.28,456.28,456.28,456.28
609,414.94,414.94,414.94,414.94,414.94
610,418.73,418.73,418.73,418.73,418.73
611,420.78,420.78,420.78,420.78,420.78
612,396.70,396.70,396.70,396.70,396.70
613,390.60,390.60,390.60,390.60,390.60
614,390.00,390.00,390.00,390.00,390.00
615,363.17,363.17,363.17,363.17,363.17
616,360.73,360.73,360.73,360.73,360.73
617,359.14,359.14,359.14,359.14,359.14
618,362.68,362.68,362.68,362.68,362.68
619,376.88,376.88,376.88,376.88,376.88
620,373.29,373.29,373.29,373.29,373.29
621,358.71,358.71,358.71,358.71,358.71
622,358.90,358.90,358.90,358.90,358.90
623,353.99,353.99,353.99,353.99,353.99
624,329.85,329.85,329.85,329.85,329.85
625,320.10,320.10,320.10,320.10,320.10
626,323.63,323.63,323.63,323.63,323.63
627,324.66,324.66,324.66,324.66,324.66
628,327.55,327.55,327.55,327.55,327.55
629,322.20,322.20,322.20,322.20,322.20
630,326.50,326.50,326.50,326.50,326.50
631,335.95,335.95,335.95,335.95,335.95
632,336.29,336.29,336.29,336.29,336.29
633,332.14,332.14,332.14,332.14,332.14
634,321.07,321.07,321.07,321.07,321.07
635,333.40,333.40,333.40,333.40,333.40
636,338.54,338.54,338.54,338.54,338.54
637,336.57,336.57,336.57,336.57,336.57
638,314.00,314.00,314.00,314.00,314.00
639,340.20,340.20,340.20,340.20,340.20
640,381.01,381.01,381.01,381.01,381.01
641,374.00,374.00,374.00,374.00,374.00
642,384.61,384.61,384.61,384.61,384.61
643,375.56,375.56,375.56,375.56,375.56
644,387.96,387.96,387.96,387.96,387.96
645,409.24,409.24,409.24,409.24,409.24
646,405.29,405.29,405.29,405.29,405.29
647,365.00,365.00,365.00,365.00,365.00
648,330.69,330.69,330.69,330.69,330.69
649,316.00,316.00,316.00,316.00,316.00
650,328.19,328.19,328.19,328.19,328.19
651,314.88,314.88,314.88,314.88,314.88
652,304.50,304.50,304.50,304.50,304.50
653,295.17,295.17,295.17,295.17,295.17
654,287.22,287.22,287.22,287.22,287.22
655,284.79,284.79,284.79,284.79,284.79
656,284.19,284.19,284.19,284.19,284.19
657,279.21,279.21,279.21,279.21,279.21
658,275.83,275.83,275.83,275.83,275.83
659,267.80,267.80,267.80,267.80,267.80
660,270.97,270.97,270.97,270.97,270.97
661,265.05,265.05,265.05,265.05,265.05
662,265.04,265.04,265.04,265.04,265.04
663,272.94,272.94,272.94,272.94,272.94
664,263.47,263.47,263.47,263.47,263.47
665,255.19,255.19,255.19,255.19,255.19
666,253.54,253.54,253.54,253.54,253.54
667,251.25,251.25,251.25,251.25,251.25
668,246.09,246.09,246.09,246.09,246.09
669,247.92,247.92,247.92,247.92,247.92
670,246.01,246.01,246.01,246.01,246.01
671,244.82,244.82,244.82,244.82,244.82
672,242.97,242.97,242.97,242.97,242.97
673,244.20,244.20,244.20,244.20,244.20
674,247.36,247.36,247.36,247.36,247.36
675,242.01,242.01,242.01,242.01,242.01
676,239.50,239.50,239.50,239.50,239.50
677,239.79,239.79,239.79,239.79,239.79
678,237.86,237.86,237.86,237.86,237.86
679,238.48,238.48,238.48,238.48,238.48
680,236.49,236.49,236.49,236.49,236.49
681,236.80,236.80,236.80,236.80,236.80
682,240.43,240.43,240.43,240.43,240.43
683,233.37,233.37,233.37,233.37,233.37
684,234.63,234.63,234.63,234.63,234.63
685,235.26,235.26,235.26,235.26,235.26
686,234.65,234.65,234.65,234.65,234.65
687,230.54,230.54,230.54,230.54,230.54
688,231.27,231.27,231.27,231.27,231.27
689,227.22,227.22,227.22,227.22,227.22
690,232.12,232.12,232.12,232.12,232.12
691,232.09,232.09,232.09,232.09,232.09
692,233.78,233.78,233.78,233.78,233.78
693,233.61,233.61,233.61,233.61,233.61
694,228.99,228.99,228.99,228.99,228.99
695,230.93,230.93,230.93,230.93,230.93
696,230.89,230.89,230.89,230.89,230.89
697,230.96,230.96,230.96,230.96,230.96
698,235.77,235.77,235.77,235.77,235.77
699,240.60,240.60,240.60,240.60,240.60
700,239.49,239.49,239.49,239.49,239.49
701,238.95,238.95,238.95,238.95,238.95
702,244.20,244.20,244.20,244.20,244.20
703,240.85,240.85,240.85,240.85,240.85
704,240.97,240.97,240.97,240.97,240.97
705,235.84,235.84,235.84,235.84,235.84
706,230.89,230.89,230.89,230.89,230.89
707,227.25,227.25,227.25,227.25,227.25
708,229.71,229.71,229.71,229.71,229.71
709,228.24,228.24,228.24,228.24,228.24
710,231.35,231.35,231.35,231.35,231.35
711,229.99,229.99,229.99,229.99,229.99
712,230.75,230.75,230.75,230.75,230.75
713,231.83,231.83,231.83,231.83,231.83
714,225.80,225.80,225.80,225.80,225.80
715,226.21,226.21,226.21,226.21,226.21
716,222.66,222.66,222.66,222.66,222.66
717,210.50,210.50,210.50,210.50,210.50
718,228.53,228.53,228.53,228.53,228.53
719,230.27,230.27,230.27,230.27,230.27
720,232.17,232.17,232.17,232.17,232.17
721,235.54,235.54,235.54,235.54,235.54
722,226.24,226.24,226.24,226.24,226.24
723,183.01,183.01,183.01,183.01,183.01
724,258.49,258.49,258.49,258.49,258.49
725,259.90,259.90,259.90,259.90,259.90
726,262.14,262.14,262.14,262.14,262.14
727,266.09,266.09,266.09,266.09,266.09
728,264.47,264.47,264.47,264.47,264.47
729,267.09,267.09,267.09,267.09,267.09
730,271.96,271.96,271.96,271.96,271.96
731,265.10,265.10,265.10,265.10,265.10
732,265.58,265.58,265.58,265.58,265.58
733,261.34,261.34,261.34,261.34,261.34
734,280.12,280.12,280.12,280.12,280.12
735,279.08,279.08,279.08,279.08,279.08
736,282.61,282.61,282.61,282.61,282.61
737,285.47,285.47,285.47,285.47,285.47
738,281.27,281.27,281.27,281.27,281.27
739,282.49,282.49,282.49,282.49,282.49
740,280.33,280.33,280.33,280.33,280.33
741,284.45,284.45,284.45,284.45,284.45
742,288.21,288.21,288.21,288.21,288.21
743,289.92,289.92,289.92,289.92,289.92
744,295.23,295.23,295.23,295.23,295.23
745,294.84,294.84,294.84,294.84,294.84
746,293.01,293.01,293.01,293.01,293.01
747,289.36,289.36,289.36,289.36,289.36
748,288.60,288.60,288.60,288.60,288.60
749,276.51,276.51,276.51,276.51,276.51
750,277.99,277.99,277.99,277.99,277.99
751,275.78,275.78,275.78,275.78,275.78
752,280.31,280.31,280.31,280.31,280.31
753,275.03,275.03,275.03,275.03,275.03
754,277.25,277.25,277.25,277.25,277.25
755,279.85,279.85,279.85,279.85,279.85
756,278.93,278.93,278.93,278.93,278.93
757,285.44,285.44,285.44,285.44,285.44
758,286.87,286.87,286.87,286.87,286.87
759,292.65,292.65,292.65,292.65,292.65
760,311.12,311.12,311.12,311.12,311.12
761,286.70,286.70,286.70,286.70,286.70
762,269.22,269.22,269.22,269.22,269.22
763,270.83,270.83,270.83,270.83,270.83
764,265.51,265.51,265.51,265.51,265.51
765,274.83,274.83,274.83,274.83,274.83
766,265.20,265.20,265.20,265.20,265.20
767,260.58,260.58,260.58,260.58,260.58
768,256.05,256.05,256.05,256.05,256.05
769,254.52,254.52,254.52,254.52,254.52
770,258.10,258.10,258.10,258.10,258.10
771,262.89,262.89,262.89,262.89,262.89
772,256.69,256.69,256.69,256.69,256.69
773,248.72,248.72,248.72,248.72,248.72
774,251.61,251.61,251.61,251.61,251.61
775,243.29,243.29,243.29,243.29,243.29
776,242.05,242.05,242.05,242.05,242.05
777,239.80,239.80,239.80,239.80,239.80
778,244.25,244.25,244.25,244.25,244.25
779,246.67,246.67,246.67,246.67,246.67
780,244.25,244.25,244.25,244.25,244.25
781,245.38,245.38,245.38,245.38,245.38
782,244.58,244.58,244.58,244.58,244.58
783,249.51,249.51,249.51,249.51,249.51
784,248.95,248.95,248.95,248.95,248.95
785,252.08,252.08,252.08,252.08,252.08
786,236.98,236.98,236.98,236.98,236.98
787,233.54,233.54,233.54,233.54,233.54
788,232.87,232.87,232.87,232.87,232.87
789,229.44,229.44,229.44,229.44,229.44
790,229.82,229.82,229.82,229.82,229.82
791,228.60,228.60,228.60,228.60,228.60
792,229.05,229.05,229.05,229.05,229.05
793,228.76,228.76,228.76,228.76,228.76
794,223.26,223.26,223.26,223.26,223.26
795,225.65,225.65,225.65,225.65,225.65
796,224.51,224.51,224.51,224.51,224.51
797,223.24,223.24,223.24,223.24,223.24
798,225.11,225.11,225.11,225.11,225.11
799,224.68,224.68,224.68,224.68,224.68
800,222.00,222.00,222.00,222.00,222.00
801,228.70,228.70,228.70,228.70,228.70
802,232.54,232.54,232.54,232.54,232.54
803,236.52,236.52,236.52,236.52,236.52
804,236.86,236.86,236.86,236.86,236.86
805,236.85,236.85,236.85,236.85,236.85
806,237.36,237.36,237.36,237.36,237.36
807,237.10,237.10,237.10,237.10,237.10
808,240.95,240.95,240.95,240.95,240.95
809,238.81,238.81,238.81,238.81,238.81
810,240.97,240.97,240.97,240.97,240.97
811,235.27,235.27,235.27,235.27,235.27
812,234.24,234.24,234.24,234.24,234.24
813,231.70,231.70,231.70,231.70,231.70
814,232.82,232.82,232.82,232.82,232.82
815,236.22,236.22,236.22,236.22,236.22
816,235.70,235.70,235.70,235.70,235.70
817,237.30,237.30,237.30,237.30,237.30
818,236.68,236.68,236.68,236.68,236.68
819,235.80,235.80,235.80,235.80,235.80
820,241.78,241.78,241.78,241.78,241.78
821,242.47,242.47,242.47,242.47,242.47
822,240.57,240.57,240.57,240.57,240.57
823,242.54,242.54,242.54,242.54,242.54
824,244.50,244.50,244.50,244.50,244.50
825,237.29,237.29,237.29,237.29,237.29
826,229.27,229.27,229.27,229.27,229.27
827,235.87,235.87,235.87,235.87,235.87
828,238.54,238.54,238.54,238.54,238.54
829,240.70,240.70,240.70,240.70,240.70
830,234.81,234.81,234.81,234.81,234.81
831,231.78,231.78,231.78,231.78,231.78
832,236.11,236.11,236.11,236.11,236.11
833,225.23,225.23,225.23,225.23,225.23
834,225.30,225.30,225.30,225.30,225.30
835,227.68,227.68,227.68,227.68,227.68
836,219.70,219.70,219.70,219.70,219.70
837,226.10,226.10,226.10,226.10,226.10
838,231.38,231.38,231.38,231.38,231.38
839,236.01,236.01,236.01,236.01,236.01
840,234.14,234.14,234.14,234.14,234.14
841,235.80,235.80,235.80,235.80,235.80
842,224.21,224.21,224.21,224.21,224.21
843,222.21,222.21,222.21,222.21,222.21
844,223.08,223.08,223.08,223.08,223.08
845,222.40,222.40,222.40,222.40,222.40
846,228.47,228.47,228.47,228.47,228.47
847,223.98,223.98,223.98,223.98,223.98
848,220.19,220.19,220.19,220.19,220.19
849,225.00,225.00,225.00,225.00,225.00
850,236.38,236.38,236.38,236.38,236.38
851,236.86,236.86,236.86,236.86,236.86
852,236.12,236.12,236.12,236.12,236.12
853,243.58,243.58,243.58,243.58,243.58
854,244.92,244.92,244.92,244.92,244.92
855,253.71,253.71,253.71,253.71,253.71
856,255.61,255.61,255.61,255.61,255.61
857,260.50,260.50,260.50,260.50,260.50
858,253.60,253.60,253.60,253.60,253.60
859,254.23,254.23,254.23,254.23,254.23
860,253.23,253.23,253.23,253.23,253.23
861,246.93,246.93,246.93,246.93,246.93
862,244.33,244.33,244.33,244.33,244.33
863,247.93,247.93,247.93,247.93,247.93
864,242.44,242.44,242.44,242.44,242.44
865,252.95,252.95,252.95,252.95,252.95
866,246.50,246.50,246.50,246.50,246.50
867,249.19,249.19,249.19,249.19,249.19
868,245.92,245.92,245.92,245.92,245.92
869,246.00,246.00,246.00,246.00,246.00
870,267.23,267.23,267.23,267.23,267.23
871,268.82,268.82,268.82,268.82,268.82
872,260.47,260.47,260.47,260.47,260.47
873,262.19,262.19,262.19,262.19,262.19
874,261.86,261.86,261.86,261.86,261.86
875,257.30,257.30,257.30,257.30,257.30
876,285.25,285.25,285.25,285.25,285.25
877,291.22,291.22,291.22,291.22,291.22
878,286.90,286.90,286.90,286.90,286.90
879,282.60,282.60,282.60,282.60,282.60
880,283.28,283.28,283.28,283.28,283.28
881,295.56,295.56,295.56,295.56,295.56
882,296.70,296.70,296.70,296.70,296.70
883,292.70,292.70,292.70,292.70,292.70
884,291.03,291.03,291.03,291.03,291.03
885,275.59,275.59,275.59,275.59,275.59
886,276.97,276.97,276.97,276.97,276.97
887,273.20,273.20,273.20,273.20,273.20
888,277.69,277.69,277.69,277.69,277.69
889,273.33,273.33,273.33,273.33,273.33
890,283.75,283.75,283.75,283.75,283.75
891,277.30,277.30,277.30,277.30,277.30
892,262.40,262.40,262.40,262.40,262.40
893,255.70,255.70,255.70,255.70,255.70
894,254.96,254.96,254.96,254.96,254.96
895,236.93,236.93,236.93,236.93,236.93
896,237.99,237.99,237.99,237.99,237.99
897,239.73,239.73,239.73,239.73,239.73
898,239.40,239.40,239.40,239.40,239.40
899,236.50,236.50,236.50,236.50,236.50
900,245.55,245.55,245.55,245.55,245.55
901,244.50,244.50,244.50,244.50,244.50
902,240.20,240.20,240.20,240.20,240.20
903,236.30,236.30,236.30,236.30,236.30
904,244.00,244.00,244.00,244.00,244.00
905,233.60,233.60,233.60,233.60,233.60
906,235.88,235.88,235.88,235.88,235.88
907,257.20,257.20,257.20,257.20,257.20
908,236.06,236.06,236.06,236.06,236.06
909,222.37,222.37,222.37,222.37,222.37
910,219.79,219.79,219.79,219.79,219.79
911,220.87,220.87,220.87,220.87,220.87
912,221.10,221.10,221.10,221.10,221.10
913,223.99,223.99,223.99,223.99,223.99
914,229.00,229.00,229.00,229.00,229.00
915,223.20,223.20,223.20,223.20,223.20
916,216.76,216.76,216.76,216.76,216.76
917,227.11,227.11,227.11,227.11,227.11
918,228.58,228.58,228.58,228.58,228.58
919,237.83,237.83,237.83,237.83,237.83
920,228.99,228.99,228.99,228.99,228.99
921,218.45,218.45,218.45,218.45,218.45
922,229.07,229.07,229.07,229.07,229.07
923,235.03,235.03,235.03,235.03,235.03
924,236.09,236.09,236.09,236.09,236.09
925,263.65,263.65,263.65,263.65,263.65
926,274.48,274.48,274.48,274.48,274.48
927,254.53,254.53,254.53,254.53,254.53
928,240.00,240.00,240.00,240.00,240.00
929,235.00,235.00,235.00,235.00,235.00
930,226.32,226.32,226.32,226.32,226.32
931,225.51,225.51,225.51,225.51,225.51
932,218.00,218.00,218.00,218.00,218.00
933,213.21,213.21,213.21,213.21,213.21
934,209.85,209.85,209.85,209.85,209.85
935,201.23,201.23,201.23,201.23,201.23
936,206.68,206.68,206.68,206.68,206.68
937,217.72,217.72,217.72,217.72,217.72
938,183.16,183.16,183.16,183.16,183.16
939,229.84,229.84,229.84,229.84,229.84
940,267.62,267.62,267.62,267.62,267.62
941,266.19,266.19,266.19,266.19,266.19
942,275.04,275.04,275.04,275.04,275.04
943,292.83,292.83,292.83,292.83,292.83
944,285.64,285.64,285.64,285.64,285.64
945,297.00,297.00,297.00,297.00,297.00
946,285.39,285.39,285.39,285.39,285.39
947,273.20,273.20,273.20,273.20,273.20
948,258.78,258.78,258.78,258.78,258.78
949,281.99,281.99,281.99,281.99,281.99
950,315.11,315.11,315.11,315.11,315.11
951,313.85,313.85,313.85,313.85,313.85
952,317.00,317.00,317.00,317.00,317.00
953,308.79,308.79,308.79,308.79,308.79
954,311.92,311.92,311.92,311.92,311.92
955,317.53,317.53,317.53,317.53,317.53
956,315.91,315.91,315.91,315.91,315.91
957,328.49,328.49,328.49,328.49,328.49
958,319.00,319.00,319.00,319.00,319.00
959,322.79,322.79,322.79,322.79,322.79
960,332.91,332.91,332.91,332.91,332.91
961,329.02,329.02,329.02,329.02,329.02
962,317.21,317.21,317.21,317.21,317.21
963,329.07,329.07,329.07,329.07,329.07
964,315.74,315.74,315.74,315.74,315.74
965,308.26,308.26,308.26,308.26,308.26
966,318.19,318.19,318.19,318.19,318.19
967,330.61,330.61,330.61,330.61,330.61
968,347.19,347.19,347.19,347.19,347.19
969,352.67,352.67,352.67,352.67,352.67
970,350.88,350.88,350.88,350.88,350.88
971,352.84,352.84,352.84,352.84,352.84
972,350.04,350.04,350.04,350.04,350.04
973,346.92,346.92,346.92,346.92,346.92
974,353.85,353.85,353.85,353.85,353.85
975,363.31,363.31,363.31,363.31,363.31
976,374.43,374.43,374.43,374.43,374.43
977,372.77,372.77,372.77,372.77,372.77
978,378.39,378.39,378.39,378.39,378.39
979,370.26,370.26,370.26,370.26,370.26
980,375.74,375.74,375.74,375.74,375.74
981,382.01,382.01,382.01,382.01,382.01
982,377.60,377.60,377.60,377.60,377.60
983,376.72,376.72,376.72,376.72,376.72
984,374.49,374.49,374.49,374.49,374.49
985,375.57,375.57,375.57,375.57,375.57
986,369.57,369.57,369.57,369.57,369.57
987,367.87,367.87,367.87,367.87,367.87
988,375.82,375.82,375.82,375.82,375.82
989,373.15,373.15,373.15,373.15,373.15
990,360.57,360.57,360.57,360.57,360.57
991,346.35,346.35,346.35,346.35,346.35
992,349.33,349.33,349.33,349.33,349.33
993,355.88,355.88,355.88,355.88,355.88
994,379.16,379.16,379.16,379.16,379.16
995,370.00,370.00,370.00,370.00,370.00
996,387.56,387.56,387.56,387.56,387.56
997,388.21,388.21,388.21,388.21,388.21
998,376.51,376.51,376.51,376.51,376.51
999,399.07,399.07,399.07,399.07,399.07
1000,419.42,419.42,419.42,419.42,419.42
1001,417.87,417.87,417.87,417.87,417.87
1002,367.00,367.00,367.00,367.00,367.00
1003,367.97,367.97,367.97,367.97,367.97
1004,360.00,360.00,360.00,360.00,360.00
1005,344.99,344.99,344.99,344.99,344.99
1006,341.50,341.50,341.50,341.50,341.50
1007,348.50,348.50,348.50,348.50,348.50
1008,337.55,337.55,337.55,337.55,337.55
1009,326.90,326.90,326.90,326.90,326.90
1010,323.56,323.56,323.56,323.56,323.56
1011,322.50,322.50,322.50,322.50,322.50
1012,327.18,327.18,327.18,327.18,327.18
1013,337.00,337.00,337.00,337.00,337.00
1014,343.85,343.85,343.85,343.85,343.85
1015,333.20,333.20,333.20,333.20,333.20
1016,353.10,353.10,353.10,353.10,353.10
1017,350.65,350.65,350.65,350.65,350.65
1018,349.99,349.99,349.99,349.99,349.99
1019,347.41,347.41,347.41,347.41,347.41
1020,356.15,356.15,356.15,356.15,356.15
1021,355.98,355.98,355.98,355.98,355.98
1022,379.96,379.96,379.96,379.96,379.96
1023,382.84,382.84,382.84,382.84,382.84
1024,380.98,380.98,380.98,380.98,380.98
1025,386.25,386.25,386.25,386.25,386.25
1026,390.00,390.00,390.00,390.00,390.00
1027,380.25,380.25,380.25,380.25,380.25
1028,379.29,379.29,379.29,379.29,379.29
1029,393.46,393.46,393.46,393.46,393.46
1030,397.94,397.94,397.94,397.94,397.94
1031,383.35,383.35,383.35,383.35,383.35
1032,372.03,372.03,372.03,372.03,372.03
1033,361.27,361.27,361.27,361.27,361.27
1034,359.51,359.51,359.51,359.51,359.51
1035,363.45,363.45,363.45,363.45,363.45
1036,350.04,350.04,350.04,350.04,350.04
1037,330.97,330.97,330.97,330.97,330.97
1038,323.84,323.84,323.84,323.84,323.84
1039,322.45,322.45,322.45,322.45,322.45
1040,328.66,328.66,328.66,328.66,328.66
1041,357.69,357.69,357.69,357.69,357.69
1042,371.74,371.74,371.74,371.74,371.74
1043,383.00,383.00,383.00,383.00,383.00
1044,387.14,387.14,387.14,387.14,387.14
1045,369.60,369.60,369.60,369.60,369.60
1046,374.71,374.71,374.71,374.71,374.71
1047,397.25,397.25,397.25,397.25,397.25
1048,402.97,402.97,402.97,402.97,402.97
1049,409.09,409.09,409.09,409.09,409.09
1050,420.41,420.41,420.41,420.41,420.41
1051,429.13,429.13,429.13,429.13,429.13
1052,397.67,397.67,397.67,397.67,397.67
1053,400.69,400.69,400.69,400.69,400.69
1054,411.59,411.59,411.59,411.59,411.59
1055,395.27,395.27,395.27,395.27,395.27
1056,427.18,427.18,427.18,427.18,427.18
1057,456.77,456.77,456.77,456.77,456.77
1058,465.13,465.13,465.13,465.13,465.13
1059,469.90,469.90,469.90,469.90,469.90
1060,476.49,476.49,476.49,476.49,476.49
1061,478.10,478.10,478.10,478.10,478.10
1062,471.81,471.81,471.81,471.81,471.81
1063,477.09,477.09,477.09,477.09,477.09
1064,477.33,477.33,477.33,477.33,477.33
1065,472.66,472.66,472.66,472.66,472.66
1066,470.43,470.43,470.43,470.43,470.43
1067,479.73,479.73,479.73,479.73,479.73
1068,481.32,481.32,481.32,481.32,481.32
1069,477.59,477.59,477.59,477.59,477.59
1070,489.20,489.20,489.20,489.20,489.20
1071,474.04,474.04,474.04,474.04,474.04
1072,476.79,476.79,476.79,476.79,476.79
1073,485.83,485.83,485.83,485.83,485.83
1074,483.37,483.37,483.37,483.37,483.37
1075,499.00,499.00,499.00,499.00,499.00
1076,507.52,507.52,507.52,507.52,507.52
1077,507.75,507.75,507.75,507.75,507.75
1078,510.99,510.99,510.99,510.99,510.99
1079,508.43,508.43,508.43,508.43,508.43
1080,502.50,502.50,502.50,502.50,502.50
1081,507.30,507.30,507.30,507.30,507.30
1082,500.15,500.15,500.15,500.15,500.15
1083,515.57,515.57,515.57,515.57,515.57
1084,515.87,515.87,515.87,515.87,515.87
1085,516.98,516.98,516.98,516.98,516.98
1086,490.30,490.30,490.30,490.30,490.30
1087,478.20,478.20,478.20,478.20,478.20
1088,501.32,501.32,501.32,501.32,501.32
1089,527.17,527.17,527.17,527.17,527.17
1090,506.23,506.23,506.23,506.23,506.23
1091,510.00,510.00,510.00,510.00,510.00
1092,549.00,549.00,549.00,549.00,549.00
1093,566.00,566.00,566.00,566.00,566.00
1094,572.50,572.50,572.50,572.50,572.50
1095,580.00,580.00,580.00,580.00,580.00
1096,583.30,583.30,583.30,583.30,583.30
1097,586.41,586.41,586.41,586.41,586.41
1098,582.25,582.25,582.25,582.25,582.25
1099,577.50,577.50,577.50,577.50,577.50
1100,574.95,574.95,574.95,574.95,574.95
1101,581.11,581.11,581.11,581.11,581.11
1102,582.06,582.06,582.06,582.06,582.06
1103,587.75,587.75,587.75,587.75,587.75
1104,594.92,594.92,594.92,594.92,594.92
1105,579.04,579.04,579.04,579.04,579.04
1106,551.00,551.00,551.00,551.00,551.00
1107,575.00,575.00,575.00,575.00,575.00
1108,586.38,586.38,586.38,586.38,586.38
1109,590.50,590.50,590.50,590.50,590.50
1110,594.00,594.00,594.00,594.00,594.00
1111,598.00,598.00,598.00,598.00,598.00
1112,600.31,600.31,600.31,600.31,600.31
1113,617.21,617.21,617.21,617.21,617.21
1114,612.59,612.59,612.59,612.59,612.59
1115,619.79,619.79,619.79,619.79,619.79
1116,618.91,618.91,618.91,618.91,618.91
1117,625.25,625.25,625.25,625.25,625.25
1118,627.46,627.46,627.46,627.46,627.46
1119,627.60,627.60,627.60,627.60,627.60
1120,621.04,621.04,621.04,621.04,621.04
1121,620.87,620.87,620.87,620.87,620.87
1122,622.40,622.40,622.40,622.40,622.40
1123,624.00,624.00,624.00,624.00,624.00
1124,626.00,626.00,626.00,626.00,626.00
1125,625.50,625.50,625.50,625.50,625.50
1126,610.00,610.00,610.00,610.00,610.00
1127,620.24,620.24,620.24,620.24,620.24
1128,618.50,618.50,618.50,618.50,618.50
1129,624.00,624.00,624.00,624.00,624.00
1130,633.25,633.25,633.25,633.25,633.25
1131,630.00,630.00,630.00,630.00,630.00
1132,632.24,632.24,632.24,632.24,632.24
1133,643.62,643.62,643.62,643.62,643.62
1134,647.90,647.90,647.90,647.90,647.90
1135,650.77,650.77,650.77,650.77,650.77
1136,640.01,640.01,640.01,640.01,640.01
1137,603.65,603.65,603.65,603.65,603.65
1138,600.10,600.10,600.10,600.10,600.10
1139,606.18,606.18,606.18,606.18,606.18
1140,577.90,577.90,577.90,577.90,577.90
1141,568.07,568.07,568.07,568.07,568.07
1142,587.28,587.28,587.28,587.28,587.28
1143,599.25,599.25,599.25,599.25,599.25
1144,607.80,607.80,607.80,607.80,607.80
1145,601.61,601.61,601.61,601.61,601.61
1146,601.00,601.00,601.00,601.00,601.00
1147,602.00,602.00,602.00,602.00,602.00
1148,611.50,611.50,611.50,611.50,611.50
1149,614.25,614.25,614.25,614.25,614.25
1150,580.00,580.00,580.00,580.00,580.00
1151,571.00,571.00,571.00,571.00,571.00
1152,554.37,554.37,554.37,554.37,554.37
1153,582.59,582.59,582.59,582.59,582.59
1154,590.01,590.01,590.01,590.01,590.01
1155,637.10,637.10,637.10,637.10,637.10
1156,653.64,653.64,653.64,653.64,653.64
1157,653.73,653.73,653.73,653.73,653.73
1158,662.35,662.35,662.35,662.35,662.35
1159,663.00,663.00,663.00,663.00,663.00
1160,655.00,655.00,655.00,655.00,655.00
1161,663.25,663.25,663.25,663.25,663.25
1162,652.29,652.29,652.29,652.29,652.29
1163,682.88,682.88,682.88,682.88,682.88
1164,669.50,669.50,669.50,669.50,669.50
1165,646.50,646.50,646.50,646.50,646.50
1166,635.60,635.60,635.60,635.60,635.60
1167,629.00,629.00,629.00,629.00,629.00
1168,572.99,572.99,572.99,572.99,572.99
1169,577.01,577.01,577.01,577.01,577.01
1170,570.00,570.00,570.00,570.00,570.00
1171,575.00,575.00,575.00,575.00,575.00
1172,566.15,566.15,566.15,566.15,566.15
1173,502.30,502.30,502.30,502.30,502.30
1174,509.55,509.55,509.55,509.55,509.55
1175,502.30,502.30,502.30,502.30,502.30
1176,477.65,477.65,477.65,477.65,477.65
1177,475.95,475.95,475.95,475.95,475.95
1178,438.97,438.97,438.97,438.97,438.97
1179,438.75,438.75,438.75,438.75,438.75
1180,441.97,441.97,441.97,441.97,441.97
1181,442.28,442.28,442.28,442.28,442.28
1182,441.99,441.99,441.99,441.99,441.99
1183,444.00,444.00,444.00,444.00,444.00
1184,437.25,437.25,437.25,437.25,437.25
1185,440.00,440.00,440.00,440.00,440.00
1186,432.00,432.00,432.00,432.00,432.00
1187,451.10,451.10,451.10,451.10,451.10
1188,446.00,446.00,446.00,446.00,446.00
1189,442.80,442.80,442.80,442.80,442.80
1190,438.00,438.00,438.00,438.00,438.00
1191,430.00,430.00,430.00,430.00,430.00
1192,427.01,427.01,427.01,427.01,427.01
1193,430.87,430.87,430.87,430.87,430.87
1194,440.54,440.54,440.54,440.54,440.54
1195,453.50,453.50,453.50,453.50,453.50
1196,459.00,459.00,459.00,459.00,459.00
1197,448.27,448.27,448.27,448.27,448.27
1198,434.00,434.00,434.00,434.00,434.00
1199,448.00,448.00,448.00,448.00,448.00
1200,441.45,441.45,441.45,441.45,441.45
1201,459.00,459.00,459.00,459.00,459.00
1202,460.00,460.00,460.00,460.00,460.00
1203,497.50,497.50,497.50,497.50,497.50
1204,490.21,490.21,490.21,490.21,490.21
1205,488.00,488.00,488.00,488.00,488.00
1206,497.00,497.00,497.00,497.00,497.00
1207,512.45,512.45,512.45,512.45,512.45
1208,505.00,505.00,505.00,505.00,505.00
1209,490.54,490.54,490.54,490.54,490.54
1210,500.71,500.71,500.71,500.71,500.71
1211,522.25,522.25,522.25,522.25,522.25
1212,515.00,515.00,515.00,515.00,515.00
1213,459.00,459.00,459.00,459.00,459.00
1214,404.22,404.22,404.22,404.22,404.22
1215,415.00,415.00,415.00,415.00,415.00
1216,416.26,416.26,416.26,416.26,416.26
1217,370.00,370.00,370.00,370.00,370.00
1218,442.50,442.50,442.50,442.50,442.50
1219,448.75,448.75,448.75,448.75,448.75
1220,454.20,454.20,454.20,454.20,454.20
1221,453.69,453.69,453.69,453.69,453.69
1222,460.80,460.80,460.80,460.80,460.80
1223,449.99,449.99,449.99,449.99,449.99
1224,448.78,448.78,448.78,448.78,448.78
1225,443.33,443.33,443.33,443.33,443.33
1226,482.83,482.83,482.83,482.83,482.83
1227,452.00,452.00,452.00,452.00,452.00
1228,464.10,464.10,464.10,464.10,464.10
1229,491.92,491.92,491.92,491.92,491.92
1230,497.44,497.44,497.44,497.44,497.44
1231,498.53,498.53,498.53,498.53,498.53
1232,595.00,595.00,595.00,595.00,595.00
1233,582.01,582.01,582.01,582.01,582.01
1234,590.00,590.00,590.00,590.00,590.00
1235,566.20,566.20,566.20,566.20,566.20
1236,560.00,560.00,560.00,560.00,560.00
1237,568.80,568.80,568.80,568.80,568.80
1238,583.48,583.48,583.48,583.48,583.48
1239,611.00,611.00,611.00,611.00,611.00
1240,618.37,618.37,618.37,618.37,618.37
1241,624.33,624.33,624.33,624.33,624.33
1242,635.01,635.01,635.01,635.01,635.01
1243,641.64,641.64,641.64,641.64,641.64
1244,630.00,630.00,630.00,630.00,630.00
1245,641.99,641.99,641.99,641.99,641.99
1246,650.00,650.00,650.00,650.00,650.00
1247,615.00,615.00,615.00,615.00,615.00
1248,615.00,615.00,615.00,615.00,615.00
1249,621.00,621.00,621.00,621.00,621.00
1250,614.14,614.14,614.14,614.14,614.14
1251,621.00,621.00,621.00,621.00,621.00
1252,663.00,663.00,663.00,663.00,663.00
1253,675.00,675.00,675.00,675.00,675.00
1254,668.00,668.00,668.00,668.00,668.00
1255,658.00,658.00,658.00,658.00,658.00
1256,560.62,560.62,560.62,560.62,560.62
1257,568.21,568.21,568.21,568.21,568.21
1258,565.00,565.00,565.00,565.00,565.00
1259,579.00,579.00,579.00,579.00,579.00
1260,582.00,582.00,582.00,582.00,582.00
1261,515.00,515.00,515.00,515.00,515.00
1262,562.43,562.43,562.43,562.43,562.43
1263,619.00,619.00,619.00,619.00,619.00
1264,595.22,595.22,595.22,595.22,595.22
1265,568.00,568.00,568.00,568.00,568.00
1266,578.88,578.88,578.88,578.88,578.88
1267,630.41,630.41,630.41,630.41,630.41
1268,628.00,628.00,628.00,628.00,628.00
1269,663.85,663.85,663.85,663.85,663.85
1270,608.00,608.00,608.00,608.00,608.00
1271,653.38,653.38,653.38,653.38,653.38
1272,682.00,682.00,682.00,682.00,682.00
1273,634.26,634.26,634.26,634.26,634.26
1274,685.00,685.00,685.00,685.00,685.00
1275,658.87,658.87,658.87,658.87,658.87
1276,706.32,706.32,706.32,706.32,706.32
1277,710.00,710.00,710.00,710.00,710.00
1278,690.00,690.00,690.00,690.00,690.00
1279,720.00,720.00,720.00,720.00,720.00
1280,771.55,771.55,771.55,771.55,771.55
1281,791.00,791.00,791.00,791.00,791.00
1282,813.00,813.00,813.00,813.00,813.00
1283,810.00,810.00,810.00,810.00,810.00
1284,814.65,814.65,814.65,814.65,814.65
1285,800.00,800.00,800.00,800.00,800.00
1286,803.95,803.95,803.95,803.95,803.95
1287,800.00,800.00,800.00,800.00,800.00
1288,795.00,795.00,795.00,795.00,795.00
1289,760.29,760.29,760.29,760.29,760.29
1290,809.65,809.65,809.65,809.65,809.65
1291,810.00,810.00,810.00,810.00,810.00
1292,781.87,781.87,781.87,781.87,781.87
1293,816.21,816.21,816.21,816.21,816.21
1294,807.00,807.00,807.00,807.00,807.00
1295,810.00,810.00,810.00,810.00,810.00
1296,823.35,823.35,823.35,823.35,823.35
1297,830.00,830.00,830.00,830.00,830.00
1298,800.00,800.00,800.00,800.00,800.00
1299,789.00,789.00,789.00,789.00,789.00
1300,824.00,824.00,824.00,824.00,824.00
1301,839.73,839.73,839.73,839.73,839.73
1302,826.85,826.85,826.85,826.85,826.85
1303,818.40,818.40,818.40,818.40,818.40
1304,888.10,888.10,888.10,888.10,888.10
1305,896.88,896.88,896.88,896.88,896.88
1306,834.75,834.75,834.75,834.75,834.75
1307,850.00,850.00,850.00,850.00,850.00
1308,828.54,828.54,828.54,828.54,828.54
1309,791.00,791.00,791.00,791.00,791.00
1310,934.55,934.55,934.55,934.55,934.55
1311,904.00,904.00,904.00,904.00,904.00
1312,801.84,801.84,801.84,801.84,801.84
1313,812.05,812.05,812.05,812.05,812.05
1314,775.00,775.00,775.00,775.00,775.00
1315,740.30,740.30,740.30,740.30,740.30
1316,727.71,727.71,727.71,727.71,727.71
1317,737.24,737.24,737.24,737.24,737.24
1318,714.29,714.29,714.29,714.29,714.29
1319,701.00,701.00,701.00,701.00,701.00
1320,718.89,718.89,718.89,718.89,718.89
1321,740.00,740.00,740.00,740.00,740.00
1322,647.33,647.33,647.33,647.33,647.33
1323,640.37,640.37,640.37,640.37,640.37
1324,622.10,622.10,622.10,622.10,622.10
1325,607.68,607.68,607.68,607.68,607.68
1326,599.00,599.00,599.00,599.00,599.00
1327,702.03,702.03,702.03,702.03,702.03
1328,551.38,551.38,551.38,551.38,551.38
1329,731.94,731.94,731.94,731.94,731.94
1330,704.77,704.77,704.77,704.77,704.77
1331,864.87,864.87,864.87,864.87,864.87
1332,897.95,897.95,897.95,897.95,897.95
1333,912.55,912.55,912.55,912.55,912.55
1334,900.53,900.53,900.53,900.53,900.53
1335,921.78,921.78,921.78,921.78,921.78
1336,1023.00,1023.00,1023.00,1023.00,1023.00
1337,935.79,935.79,935.79,935.79,935.79
1338,730.00,730.00,730.00,730.00,730.00
1339,800.57,800.57,800.57,800.57,800.57
1340,872.56,872.56,872.56,872.56,872.56
1341,1030.58,1030.58,1030.58,1030.58,1030.58
1342,1145.00,1145.00,1145.00,1145.00,1145.00
1343,1047.98,1047.98,1047.98,1047.98,1047.98
1344,998.07,998.07,998.07,998.07,998.07
1345,955.00,955.00,955.00,955.00,955.00
1346,1112.35,1112.35,1112.35,1112.35,1112.35
1347,1107.51,1107.51,1107.51,1107.51,1107.51
1348,1010.00,1010.00,1010.00,1010.00,1010.00
1349,948.00,948.00,948.00,948.00,948.00
1350,849.57,849.57,849.57,849.57,849.57
1351,782.77,782.77,782.77,782.77,782.77
1352,813.72,813.72,813.72,813.72,813.72
1353,842.20,842.20,842.20,842.20,842.20
1354,760.00,760.00,760.00,760.00,760.00
1355,700.00,700.00,700.00,700.00,700.00
1356,550.00,550.00,550.00,550.00,550.00
1357,599.00,599.00,599.00,599.00,599.00
1358,585.16,585.16,585.16,585.16,585.16
1359,473.27,473.27,473.27,473.27,473.27
1360,435.27,435.27,435.27,435.27,435.27
1361,400.00,400.00,400.00,400.00,400.00
1362,418.00,418.00,418.00,418.00,418.00
1363,387.73,387.73,387.73,387.73,387.73
1364,350.16,350.16,350.16,350.16,350.16
1365,338.57,338.57,338.57,338.57,338.57
1366,311.90,311.90,311.90,311.90,311.90
1367,336.14,336.14,336.14,336.14,336.14
1368,323.77,323.77,323.77,323.77,323.77
1369,283.30,283.30,283.30,283.30,283.30
1370,253.69,253.69,253.69,253.69,253.69
1371,239.29,239.29,239.29,239.29,239.29
1372,225.20,225.20,225.20,225.20,225.20
1373,207.63,207.63,207.63,207.63,207.63
1374,200.85,200.85,200.85,200.85,200.85
1375,198.51,198.51,198.51,198.51,198.51
1376,198.23,198.23,198.23,198.23,198.23
1377,194.55,194.55,194.55,194.55,194.55
1378,198.19,198.19,198.19,198.19,198.19
1379,187.87,187.87,187.87,187.87,187.87
1380,185.69,185.69,185.69,185.69,185.69
1381,175.90,175.90,175.90,175.90,175.90
1382,178.12,178.12,178.12,178.12,178.12
1383,183.15,183.15,183.15,183.15,183.15
1384,200.62,200.62,200.62,200.62,200.62
1385,183.86,183.86,183.86,183.86,183.86
1386,174.18,174.18,174.18,174.18,174.18
1387,163.06,163.06,163.06,163.06,163.06
1388,159.81,159.81,159.81,159.81,159.81
1389,149.59,149.59,149.59,149.59,149.59
1390,142.73,142.73,142.73,142.73,142.73
1391,137.42,137.42,137.42,137.42,137.42
1392,138.64,138.64,138.64,138.64,138.64
1393,133.04,133.04,133.04,133.04,133.04
1394,130.42,130.42,130.42,130.42,130.42
1395,126.52,126.52,126.52,126.52,126.52
1396,125.51,125.51,125.51,125.51,125.51
1397,125.70,125.70,125.70,125.70,125.70
1398,125.84,125.84,125.84,125.84,125.84
1399,124.32,124.32,124.32,124.32,124.32
1400,123.24,123.24,123.24,123.24,123.24
1401,121.68,121.68,121.68,121.68,121.68
1402,121.14,121.14,121.14,121.14,121.14
1403,121.29,121.29,121.29,121.29,121.29
1404,116.82,116.82,116.82,116.82,116.82
1405,99.81,99.81,99.81,99.81,99.81
1406,125.49,125.49,125.49,125.49,125.49
1407,123.10,123.10,123.10,123.10,123.10
1408,125.18,125.18,125.18,125.18,125.18
1409,124.75,124.75,124.75,124.75,124.75
1410,123.50,123.50,123.50,123.50,123.50
1411,123.48,123.48,123.48,123.48,123.48
1412,123.42,123.42,123.42,123.42,123.42
1413,122.54,122.54,122.54,122.54,122.54
1414,122.22,122.22,122.22,122.22,122.22
1415,122.65,122.65,122.65,122.65,122.65
1416,122.64,122.64,122.64,122.64,122.64
1417,122.90,122.90,122.90,122.90,122.90
1418,124.19,124.19,124.19,124.19,124.19
1419,126.30,126.30,126.30,126.30,126.30
1420,125.97,125.97,125.97,125.97,125.97
1421,125.06,125.06,125.06,125.06,125.06
1422,124.58,124.58,124.58,124.58,124.58
1423,124.08,124.08,124.08,124.08,124.08
1424,126.51,126.51,126.51,126.51,126.51
1425,125.76,125.76,125.76,125.76,125.76
1426,125.45,125.45,125.45,125.45,125.45
1427,121.46,121.46,121.46,121.46,121.46
1428,120.02,120.02,120.02,120.02,120.02
1429,116.59,116.59,116.59,116.59,116.59
1430,119.05,119.05,119.05,119.05,119.05
1431,116.32,116.32,116.32,116.32,116.32
1432,120.53,120.53,120.53,120.53,120.53
1433,120.57,120.57,120.57,120.57,120.57
1434,127.59,127.59,127.59,127.59,127.59
1435,127.36,127.36,127.36,127.36,127.36
1436,128.26,128.26,128.26,128.26,128.26
1437,129.46,129.46,129.46,129.46,129.46
1438,123.23,123.23,123.23,123.23,123.23
1439,117.52,117.52,117.52,117.52,117.52
1440,117.59,117.59,117.59,117.59,117.59
1441,117.45,117.45,117.45,117.45,117.45
1442,112.23,112.23,112.23,112.23,112.23
1443,111.79,111.79,111.79,111.79,111.79
1444,108.69,108.69,108.69,108.69,108.69
1445,107.55,107.55,107.55,107.55,107.55
1446,109.73,109.73,109.73,109.73,109.73
1447,111.44,111.44,111.44,111.44,111.44
1448,105.01,105.01,105.01,105.01,105.01
1449,102.30,102.30,102.30,102.30,102.30
1450,98.84,98.84,98.84,98.84,98.84
1451,99.56,99.56,99.56,99.56,99.56
1452,98.33,98.33,98.33,98.33,98.33
1453,97.54,97.54,97.54,97.54,97.54
1454,97.96,97.96,97.96,97.96,97.96
1455,97.90,97.90,97.90,97.90,97.90
1456,95.08,95.08,95.08,95.08,95.08
1457,94.16,94.16,94.16,94.16,94.16
1458,93.29,93.29,93.29,93.29,93.29
1459,93.36,93.36,93.36,93.36,93.36
1460,94.77,94.77,94.77,94.77,94.77
1461,96.92,96.92,96.92,96.92,96.92
1462,97.13,97.13,97.13,97.13,97.13
1463,96.92,96.92,96.92,96.92,96.92
1464,96.60,96.60,96.60,96.60,96.60
1465,96.66,96.66,96.66,96.66,96.66
1466,97.24,97.24,97.24,97.24,97.24
1467,96.42,96.42,96.42,96.42,96.42
1468,97.91,97.91,97.91,97.91,97.91
1469,96.31,96.31,96.31,96.31,96.31
1470,93.30,93.30,93.30,93.30,93.30
1471,92.10,92.10,92.10,92.10,92.10
1472,89.10,89.10,89.10,89.10,89.10
1473,90.63,90.63,90.63,90.63,90.63
1474,89.41,89.41,89.41,89.41,89.41
1475,87.46,87.46,87.46,87.46,87.46
1476,86.94,86.94,86.94,86.94,86.94
1477,86.09,86.09,86.09,86.09,86.09
1478,85.47,85.47,85.47,85.47,85.47
1479,85.67,85.67,85.67,85.67,85.67
1480,85.78,85.78,85.78,85.78,85.78
1481,85.43,85.43,85.43,85.43,85.43
1482,90.54,90.54,90.54,90.54,90.54
1483,92.74,92.74,92.74,92.74,92.74
1484,93.14,93.14,93.14,93.14,93.14
1485,90.37,90.37,90.37,90.37,90.37
1486,91.39,91.39,91.39,91.39,91.39
1487,88.46,88.46,88.46,88.46,88.46
1488,91.22,91.22,91.22,91.22,91.22
1489,84.51,84.51,84.51,84.51,84.51
1490,74.22,74.22,74.22,74.22,74.22
1491,74.56,74.56,74.56,74.56,74.56
1492,72.51,72.51,72.51,72.51,72.51
1493,66.85,66.85,66.85,66.85,66.85
1494,66.34,66.34,66.34,66.34,66.34
1495,77.68,77.68,77.68,77.68,77.68
1496,76.89,76.89,76.89,76.89,76.89
1497,87.66,87.66,87.66,87.66,87.66
1498,84.61,84.61,84.61,84.61,84.61
1499,97.51,97.51,97.51,97.51,97.51
1500,95.00,95.00,95.00,95.00,95.00
1501,94.66,94.66,94.66,94.66,94.66
1502,101.74,101.74,101.74,101.74,101.74
1503,104.00,104.00,104.00,104.00,104.00
1504,103.33,103.33,103.33,103.33,103.33
1505,102.09,102.09,102.09,102.09,102.09
1506,107.90,107.90,107.90,107.90,107.90
1507,108.20,108.20,108.20,108.20,108.20
1508,109.50,109.50,109.50,109.50,109.50
1509,111.29,111.29,111.29,111.29,111.29
1510,108.25,108.25,108.25,108.25,108.25
1511,107.35,107.35,107.35,107.35,107.35
1512,101.95,101.95,101.95,101.95,101.95
1513,99.90,99.90,99.90,99.90,99.90
1514,99.80,99.80,99.80,99.80,99.80
1515,100.00,100.00,100.00,100.00,100.00
1516,103.95,103.95,103.95,103.95,103.95
1517,108.78,108.78,108.78,108.78,108.78
1518,109.00,109.00,109.00,109.00,109.00
1519,106.35,106.35,106.35,106.35,106.35
1520,100.44,100.44,100.44,100.44,100.44
1521,107.89,107.89,107.89,107.89,107.89
1522,111.00,111.00,111.00,111.00,111.00
1523,118.97,118.97,118.97,118.97,118.97
1524,121.90,121.90,121.90,121.90,121.90
1525,121.40,121.40,121.40,121.40,121.40
1526,120.74,120.74,120.74,120.74,120.74
1527,122.50,122.50,122.50,122.50,122.50
1528,129.30,129.30,129.30,129.30,129.30
1529,128.82,128.82,128.82,128.82,128.82
1530,128.80,128.80,128.80,128.80,128.80
1531,132.25,132.25,132.25,132.25,132.25
1532,129.00,129.00,129.00,129.00,129.00
1533,129.77,129.77,129.77,129.77,129.77
1534,133.50,133.50,133.50,133.50,133.50
1535,131.99,131.99,131.99,131.99,131.99
1536,133.10,133.10,133.10,133.10,133.10
1537,126.30,126.30,126.30,126.30,126.30
1538,123.80,123.80,123.80,123.80,123.80
1539,122.89,122.89,122.89,122.89,122.89
1540,122.02,122.02,122.02,122.02,122.02
1541,122.50,122.50,122.50,122.50,122.50
1542,123.21,123.21,123.21,123.21,123.21
1543,123.50,123.50,123.50,123.50,123.50
1544,118.21,118.21,118.21,118.21,118.21
1545,114.22,114.22,114.22,114.22,114.22
1546,111.40,111.40,111.40,111.40,111.40
1547,117.98,117.98,117.98,117.98,117.98
1548,114.82,114.82,114.82,114.82,114.82
1549,115.64,115.64,115.64,115.64,115.64
1550,117.70,117.70,117.70,117.70,117.70
1551,112.80,112.80,112.80,112.80,112.80
1552,113.20,113.20,113.20,113.20,113.20
1553,109.60,109.60,109.60,109.60,109.60
1554,112.25,112.25,112.25,112.25,112.25
1555,115.98,115.98,115.98,115.98,115.98
1556,112.90,112.90,112.90,112.90,112.90
1557,98.10,98.10,98.10,98.10,98.10
1558,106.25,106.25,106.25,106.25,106.25
1559,116.38,116.38,116.38,116.38,116.38
1560,139.23,139.23,139.23,139.23,139.23
1561,144.00,144.00,144.00,144.00,144.00
1562,134.44,134.44,134.44,134.44,134.44
1563,128.00,128.00,128.00,128.00,128.00
1564,136.90,136.90,136.90,136.90,136.90
1565,141.71,141.71,141.71,141.71,141.71
1566,154.20,154.20,154.20,154.20,154.20
1567,143.47,143.47,143.47,143.47,143.47
1568,127.40,127.40,127.40,127.40,127.40
1569,119.20,119.20,119.20,119.20,119.20
1570,126.62,126.62,126.62,126.62,126.62
1571,118.48,118.48,118.48,118.48,118.48
1572,109.01,109.01,109.01,109.01,109.01
1573,93.07,93.07,93.07,93.07,93.07
1574,68.36,68.36,68.36,68.36,68.36
1575,82.39,82.39,82.39,82.39,82.39
1576,90.00,90.00,90.00,90.00,90.00
1577,93.00,93.00,93.00,93.00,93.00
1578,117.00,117.00,117.00,117.00,117.00
1579,124.90,124.90,124.90,124.90,124.90
1580,165.00,165.00,165.00,165.00,165.00
1581,230.00,230.00,230.00,230.00,230.00
1582,187.50,187.50,187.50,187.50,187.50
1583,162.30,162.30,162.30,162.30,162.30
1584,142.63,142.63,142.63,142.63,142.63
1585,142.32,142.32,142.32,142.32,142.32
1586,132.12,132.12,132.12,132.12,132.12
1587,135.00,135.00,135.00,135.00,135.00
1588,117.98,117.98,117.98,117.98,117.98
1589,104.00,104.00,104.00,104.00,104.00
1590,93.03,93.03,93.03,93.03,93.03
1591,92.19,92.19,92.19,92.19,92.19
1592,90.50,90.50,90.50,90.50,90.50
1593,86.18,86.18,86.18,86.18,86.18
1594,88.92,88.92,88.92,88.92,88.92
1595,78.50,78.50,78.50,78.50,78.50
1596,73.60,73.60,73.60,73.60,73.60
1597,71.50,71.50,71.50,71.50,71.50
1598,64.35,64.35,64.35,64.35,64.35
1599,69.86,69.86,69.86,69.86,69.86
1600,70.85,70.85,70.85,70.85,70.85
1601,64.49,64.49,64.49,64.49,64.49
1602,59.14,59.14,59.14,59.14,59.14
1603,51.60,51.60,51.60,51.60,51.60
1604,47.40,47.40,47.40,47.40,47.40
1605,47.00,47.00,47.00,47.00,47.00
1606,46.95,46.95,46.95,46.95,46.95
1607,47.17,47.17,47.17,47.17,47.17
1608,46.92,46.92,46.92,46.92,46.92
1609,44.29,44.29,44.29,44.29,44.29
1610,48.40,48.40,48.40,48.40,48.40
1611,46.00,46.00,46.00,46.00,46.00
1612,46.85,46.85,46.85,46.85,46.85
1613,44.18,44.18,44.18,44.18,44.18
1614,42.00,42.00,42.00,42.00,42.00
1615,41.02,41.02,41.02,41.02,41.02
1616,40.33,40.33,40.33,40.33,40.33
1617,36.15,36.15,36.15,36.15,36.15
1618,34.50,34.50,34.50,34.50,34.50
1619,34.25,34.25,34.25,34.25,34.25
1620,34.50,34.50,34.50,34.50,34.50
1621,33.38,33.38,33.38,33.38,33.38
1622,30.90,30.90,30.90,30.90,30.90
1623,31.10,31.10,31.10,31.10,31.10
1624,30.40,30.40,30.40,30.40,30.40
1625,29.89,29.89,29.89,29.89,29.89
1626,29.80,29.80,29.80,29.80,29.80
1627,30.25,30.25,30.25,30.25,30.25
1628,29.75,29.75,29.75,29.75,29.75
1629,29.64,29.64,29.64,29.64,29.64
1630,29.42,29.42,29.42,29.42,29.42
1631,26.95,26.95,26.95,26.95,26.95
1632,26.81,26.81,26.81,26.81,26.81
1633,27.22,27.22,27.22,27.22,27.22
1634,27.10,27.10,27.10,27.10,27.10
1635,27.22,27.22,27.22,27.22,27.22
1636,24.20,24.20,24.20,24.20,24.20
1637,25.17,25.17,25.17,25.17,25.17
1638,24.65,24.65,24.65,24.65,24.65
1639,23.97,23.97,23.97,23.97,23.97
1640,23.65,23.65,23.65,23.65,23.65
1641,22.66,22.66,22.66,22.66,22.66
1642,22.15,22.15,22.15,22.15,22.15
1643,21.18,21.18,21.18,21.18,21.18
1644,20.60,20.60,20.60,20.60,20.60
1645,20.43,20.43,20.43,20.43,20.43
1646,20.59,20.59,20.59,20.59,20.59
1647,19.63,19.63,19.63,19.63,19.63
1648,20.50,20.50,20.50,20.50,20.50
1649,20.41,20.41,20.41,20.41,20.41
1650,19.70,19.70,19.70,19.70,19.70
1651,19.53,19.53,19.53,19.53,19.53
1652,18.72,18.72,18.72,18.72,18.72
1653,17.82,17.82,17.82,17.82,17.82
1654,17.88,17.88,17.88,17.88,17.88
1655,17.40,17.40,17.40,17.40,17.40
1656,16.90,16.90,16.90,16.90,16.90
1657,17.50,17.50,17.50,17.50,17.50
1658,17.26,17.26,17.26,17.26,17.26
1659,16.80,16.80,16.80,16.80,16.80
1660,15.70,15.70,15.70,15.70,15.70
1661,15.61,15.61,15.61,15.61,15.61
1662,15.70,15.70,15.70,15.70,15.70
1663,15.50,15.50,15.50,15.50,15.50
1664,14.73,14.73,14.73,14.73,14.73
1665,14.25,14.25,14.25,14.25,14.25
1666,14.30,14.30,14.30,14.30,14.30
1667,14.12,14.12,14.12,14.12,14.12
1668,14.24,14.24,14.24,14.24,14.24
1669,14.14,14.14,14.14,14.14,14.14
1670,14.14,14.14,14.14,14.14,14.14
1671,13.77,13.77,13.77,13.77,13.77
1672,13.74,13.74,13.74,13.74,13.74
1673,13.59,13.59,13.59,13.59,13.59
1674,13.45,13.45,13.45,13.45,13.45
1675,13.44,13.44,13.44,13.44,13.44
1676,13.50,13.50,13.50,13.50,13.50
1677,13.40,13.40,13.40,13.40,13.40
1678,13.28,13.28,13.28,13.28,13.28
1679,13.30,13.30,13.30,13.30,13.30
1680,13.51,13.51,13.51,13.51,13.51
1681,13.45,13.45,13.45,13.45,13.45
1682,13.40,13.40,13.40,13.40,13.40
1683,13.42,13.42,13.42,13.42,13.42
1684,13.42,13.42,13.42,13.42,13.42
1685,13.47,13.47,13.47,13.47,13.47
1686,13.35,13.35,13.35,13.35,13.35
1687,13.38,13.38,13.38,13.38,13.38
1688,13.31,13.31,13.31,13.31,13.31
1689,13.37,13.37,13.37,13.37,13.37
1690,13.50,13.50,13.50,13.50,13.50
1691,13.52,13.52,13.52,13.52,13.52
1692,13.60,13.60,13.60,13.60,13.60
1693,13.30,13.30,13.30,13.30,13.30
1694,13.25,13.25,13.25,13.25,13.25
1695,13.30,13.30,13.30,13.30,13.30
1696,13.49,13.49,13.49,13.49,13.49
1697,13.60,13.60,13.60,13.60,13.60
1698,13.70,13.70,13.70,13.70,13.70
1699,13.70,13.70,13.70,13.70,13.70
1700,13.56,13.56,13.56,13.56,13.56
1701,13.43,13.43,13.43,13.43,13.43
1702,13.39,13.39,13.39,13.39,13.39
1703,13.42,13.42,13.42,13.42,13.42
1704,13.50,13.50,13.50,13.50,13.50
1705,13.30,13.30,13.30,13.30,13.30
1706,13.38,13.38,13.38,13.38,13.38
1707,13.41,13.41,13.41,13.41,13.41
1708,12.68,12.68,12.68,12.68,12.68
1709,12.50,12.50,12.50,12.50,12.50
1710,12.56,12.56,12.56,12.56,12.56
1711,12.56,12.56,12.56,12.56,12.56
1712,12.45,12.45,12.45,12.45,12.45
1713,12.35,12.35,12.35,12.35,12.35
1714,12.20,12.20,12.20,12.20,12.20
1715,12.25,12.25,12.25,12.25,12.25
1716,12.48,12.48,12.48,12.48,12.48
1717,12.41,12.41,12.41,12.41,12.41
1718,12.34,12.34,12.34,12.34,12.34
1719,12.42,12.42,12.42,12.42,12.42
1720,11.77,11.77,11.77,11.77,11.77
1721,11.73,11.73,11.73,11.73,11.73
1722,11.80,11.80,11.80,11.80,11.80
1723,11.65,11.65,11.65,11.65,11.65
1724,11.79,11.79,11.79,11.79,11.79
1725,11.75,11.75,11.75,11.75,11.75
1726,11.20,11.20,11.20,11.20,11.20
1727,10.95,10.95,10.95,10.95,10.95
1728,10.95,10.95,10.95,10.95,10.95
1729,11.01,11.01,11.01,11.01,11.01
1730,10.87,10.87,10.87,10.87,10.87
1731,10.89,10.89,10.89,10.89,10.89
1732,10.81,10.81,10.81,10.81,10.81
1733,10.92,10.92,10.92,10.92,10.92
1734,10.92,10.92,10.92,10.92,10.92
1735,10.90,10.90,10.90,10.90,10.90
1736,10.75,10.75,10.75,10.75,10.75
1737,10.80,10.80,10.80,10.80,10.80
1738,10.64,10.64,10.64,10.64,10.64
1739,10.47,10.47,10.47,10.47,10.47
1740,10.57,10.57,10.57,10.57,10.57
1741,11.20,11.20,11.20,11.20,11.20
1742,10.89,10.89,10.89,10.89,10.89
1743,10.60,10.60,10.60,10.60,10.60
1744,10.70,10.70,10.70,10.70,10.70
1745,10.26,10.26,10.26,10.26,10.26
1746,10.17,10.17,10.17,10.17,10.17
1747,10.86,10.86,10.86,10.86,10.86
1748,11.65,11.65,11.65,11.65,11.65
1749,11.65,11.65,11.65,11.65,11.65
1750,11.71,11.71,11.71,11.71,11.71
1751,11.63,11.63,11.63,11.63,11.63
1752,11.74,11.74,11.74,11.74,11.74
1753,11.74,11.74,11.74,11.74,11.74
1754,11.94,11.94,11.94,11.94,11.94
1755,11.81,11.81,11.81,11.81,11.81
1756,11.85,11.85,11.85,11.85,11.85
1757,11.84,11.84,11.84,11.84,11.84
1758,11.74,11.74,11.74,11.74,11.74
1759,11.86,11.86,11.86,11.86,11.86
1760,12.00,12.00,12.00,12.00,12.00
1761,12.03,12.03,12.03,12.03,12.03
1762,12.12,12.12,12.12,12.12,12.12
1763,11.89,11.89,11.89,11.89,11.89
1764,11.78,11.78,11.78,11.78,11.78
1765,11.80,11.80,11.80,11.80,11.80
1766,12.50,12.50,12.50,12.50,12.50
1767,12.69,12.69,12.69,12.69,12.69
1768,12.85,12.85,12.85,12.85,12.85
1769,12.89,12.89,12.89,12.89,12.89
1770,12.84,12.84,12.84,12.84,12.84
1771,12.40,12.40,12.40,12.40,12.40
1772,12.40,12.40,12.40,12.40,12.40
1773,12.36,12.36,12.36,12.36,12.36
1774,12.39,12.39,12.39,12.39,12.39
1775,12.31,12.31,12.31,12.31,12.31
1776,12.27,12.27,12.27,12.27,12.27
1777,12.20,12.20,12.20,12.20,12.20
1778,12.10,12.10,12.10,12.10,12.10
1779,12.19,12.19,12.19,12.19,12.19
1780,12.24,12.24,12.24,12.24,12.24
1781,12.37,12.37,12.37,12.37,12.37
1782,12.28,12.28,12.28,12.28,12.28
1783,12.57,12.57,12.57,12.57,12.57
1784,12.25,12.25,12.25,12.25,12.25
1785,11.89,11.89,11.89,11.89,11.89
1786,11.87,11.87,11.87,11.87,11.87
1787,11.75,11.75,11.75,11.75,11.75
1788,11.67,11.67,11.67,11.67,11.67
1789,11.40,11.40,11.40,11.40,11.40
1790,11.36,11.36,11.36,11.36,11.36
1791,11.33,11.33,11.33,11.33,11.33
1792,11.17,11.17,11.17,11.17,11.17
1793,11.02,11.02,11.02,11.02,11.02
1794,11.04,11.04,11.04,11.04,11.04
1795,11.00,11.00,11.00,11.00,11.00
1796,11.18,11.18,11.18,11.18,11.18
1797,11.00,11.00,11.00,11.00,11.00
1798,10.38,10.38,10.38,10.38,10.38
1799,10.53,10.53,10.53,10.53,10.53
1800,10.20,10.20,10.20,10.20,10.20
1801,9.97,9.97,9.97,9.97,9.97
1802,10.16,10.16,10.16,10.16,10.16
1803,10.78,10.78,10.78,10.78,10.78
1804,10.92,10.92,10.92,10.92,10.92
1805,10.94,10.94,10.94,10.94,10.94
1806,10.95,10.95,10.95,10.95,10.95
1807,10.61,10.61,10.61,10.61,10.61
1808,10.52,10.52,10.52,10.52,10.52
1809,10.60,10.60,10.60,10.60,10.60
1810,10.10,10.10,10.10,10.10,10.10
1811,9.81,9.81,9.81,9.81,9.81
1812,9.91,9.91,9.91,9.91,9.91
1813,10.10,10.10,10.10,10.10,10.10
1814,8.00,8.00,8.00,8.00,8.00
1815,11.61,11.61,11.61,11.61,11.61
1816,11.58,11.58,11.58,11.58,11.58
1817,13.50,13.50,13.50,13.50,13.50
1818,13.25,13.25,13.25,13.25,13.25
1819,12.19,12.19,12.19,12.19,12.19
1820,12.04,12.04,12.04,12.04,12.04
1821,11.62,11.62,11.62,11.62,11.62
1822,11.51,11.51,11.51,11.51,11.51
1823,11.39,11.39,11.39,11.39,11.39
1824,11.06,11.06,11.06,11.06,11.06
1825,11.06,11.06,11.06,11.06,11.06
1826,11.10,11.10,11.10,11.10,11.10
1827,10.86,10.86,10.86,10.86,10.86
1828,10.87,10.87,10.87,10.87,10.87
1829,10.98,10.98,10.98,10.98,10.98
1830,10.97,10.97,10.97,10.97,10.97
1831,10.53,10.53,10.53,10.53,10.53
1832,9.55,9.55,9.55,9.55,9.55
1833,9.35,9.35,9.35,9.35,9.35
1834,9.10,9.10,9.10,9.10,9.10
1835,8.71,8.71,8.71,8.71,8.71
1836,8.89,8.89,8.89,8.89,8.89
1837,8.90,8.90,8.90,8.90,8.90
1838,8.90,8.90,8.90,8.90,8.90
1839,8.80,8.80,8.80,8.80,8.80
1840,8.60,8.60,8.60,8.60,8.60
1841,8.45,8.45,8.45,8.45,8.45
1842,8.41,8.41,8.41,8.41,8.41
1843,8.85,8.85,8.85,8.85,8.85
1844,8.52,8.52,8.52,8.52,8.52
1845,8.87,8.87,8.87,8.87,8.87
1846,9.11,9.11,9.11,9.11,9.11
1847,8.80,8.80,8.80,8.80,8.80
1848,8.50,8.50,8.50,8.50,8.50
1849,7.62,7.62,7.62,7.62,7.62
1850,7.54,7.54,7.54,7.54,7.54
1851,7.67,7.67,7.67,7.67,7.67
1852,7.76,7.76,7.76,7.76,7.76
1853,7.15,7.15,7.15,7.15,7.15
1854,7.20,7.20,7.20,7.20,7.20
1855,7.02,7.02,7.02,7.02,7.02
1856,6.80,6.80,6.80,6.80,6.80
1857,6.76,6.76,6.76,6.76,6.76
1858,6.65,6.65,6.65,6.65,6.65
1859,6.67,6.67,6.67,6.67,6.67
1860,6.51,6.51,6.51,6.51,6.51
1861,6.45,6.45,6.45,6.45,6.45
1862,6.76,6.76,6.76,6.76,6.76
1863,6.63,6.63,6.63,6.63,6.63
1864,6.69,6.69,6.69,6.69,6.69
1865,6.65,6.65,6.65,6.65,6.65
1866,6.61,6.61,6.61,6.61,6.61
1867,6.65,6.65,6.65,6.65,6.65
1868,6.42,6.42,6.42,6.42,6.42
1869,6.30,6.30,6.30,6.30,6.30
1870,6.35,6.35,6.35,6.35,6.35
1871,6.43,6.43,6.43,6.43,6.43
1872,6.55,6.55,6.55,6.55,6.55
1873,6.68,6.68,6.68,6.68,6.68
1874,6.67,6.67,6.67,6.67,6.67
1875,6.50,6.50,6.50,6.50,6.50
1876,6.31,6.31,6.31,6.31,6.31
1877,6.16,6.16,6.16,6.16,6.16
1878,6.40,6.40,6.40,6.40,6.40
1879,6.50,6.50,6.50,6.50,6.50
1880,5.95,5.95,5.95,5.95,5.95
1881,5.93,5.93,5.93,5.93,5.93
1882,5.70,5.70,5.70,5.70,5.70
1883,5.57,5.57,5.57,5.57,5.57
1884,5.47,5.47,5.47,5.47,5.47
1885,5.56,5.56,5.56,5.56,5.56
1886,5.63,5.63,5.63,5.63,5.63
1887,5.59,5.59,5.59,5.59,5.59
1888,5.46,5.46,5.46,5.46,5.46
1889,5.44,5.44,5.44,5.44,5.44
1890,5.27,5.27,5.27,5.27,5.27
1891,5.21,5.21,5.21,5.21,5.21
1892,5.25,5.25,5.25,5.25,5.25
1893,5.27,5.27,5.27,5.27,5.27
1894,5.18,5.18,5.18,5.18,5.18
1895,5.13,5.13,5.13,5.13,5.13
1896,5.15,5.15,5.15,5.15,5.15
1897,5.14,5.14,5.14,5.14,5.14
1898,5.14,5.14,5.14,5.14,5.14
1899,5.10,5.10,5.10,5.10,5.10
1900,5.15,5.15,5.15,5.15,5.15
1901,5.12,5.12,5.12,5.12,5.12
1902,5.14,5.14,5.14,5.14,5.14
1903,5.10,5.10,5.10,5.10,5.10
1904,5.10,5.10,5.10,5.10,5.10
1905,5.09,5.09,5.09,5.09,5.09
1906,5.10,5.10,5.10,5.10,5.10
1907,5.12,5.12,5.12,5.12,5.12
1908,5.10,5.10,5.10,5.10,5.10
1909,5.09,5.09,5.09,5.09,5.09
1910,5.03,5.03,5.03,5.03,5.03
1911,5.01,5.01,5.01,5.01,5.01
1912,4.93,4.93,4.93,4.93,4.93
1913,4.95,4.95,4.95,4.95,4.95
1914,4.96,4.96,4.96,4.96,4.96
1915,4.85,4.85,4.85,4.85,4.85
1916,5.04,5.04,5.04,5.04,5.04
1917,5.05,5.05,5.05,5.05,5.05
1918,5.06,5.06,5.06,5.06,5.06
1919,5.05,5.05,5.05,5.05,5.05
1920,5.08,5.08,5.08,5.08,5.08
1921,5.07,5.07,5.07,5.07,5.07
1922,5.13,5.13,5.13,5.13,5.13
1923,5.07,5.07,5.07,5.07,5.07
1924,5.00,5.00,5.00,5.00,5.00
1925,4.95,4.95,4.95,4.95,4.95
1926,4.90,4.90,4.90,4.90,4.90
1927,4.98,4.98,4.98,4.98,4.98
1928,5.11,5.11,5.11,5.11,5.11
1929,5.10,5.10,5.10,5.10,5.10
1930,5.13,5.13,5.13,5.13,5.13
1931,5.10,5.10,5.10,5.10,5.10
1932,4.96,4.96,4.96,4.96,4.96
1933,5.20,5.20,5.20,5.20,5.20
1934,5.26,5.26,5.26,5.26,5.26
1935,5.35,5.35,5.35,5.35,5.35
1936,5.14,5.14,5.14,5.14,5.14
1937,5.12,5.12,5.12,5.12,5.12
1938,4.98,4.98,4.98,4.98,4.98
1939,4.93,4.93,4.93,4.93,4.93
1940,4.97,4.97,4.97,4.97,4.97
1941,4.96,4.96,4.96,4.96,4.96
1942,4.94,4.94,4.94,4.94,4.94
1943,4.92,4.92,4.92,4.92,4.92
1944,4.93,4.93,4.93,4.93,4.93
1945,4.84,4.84,4.84,4.84,4.84
1946,4.87,4.87,4.87,4.87,4.87
1947,4.79,4.79,4.79,4.79,4.79
1948,4.69,4.69,4.69,4.69,4.69
1949,4.95,4.95,4.95,4.95,4.95
1950,4.92,4.92,4.92,4.92,4.92
1951,4.91,4.91,4.91,4.91,4.91
1952,4.95,4.95,4.95,4.95,4.95
1953,4.97,4.97,4.97,4.97,4.97
1954,4.83,4.83,4.83,4.83,4.83
1955,4.91,4.91,4.91,4.91,4.91
1956,4.86,4.86,4.86,4.86,4.86
1957,4.81,4.81,4.81,4.81,4.81
1958,4.79,4.79,4.79,4.79,4.79
1959,4.81,4.81,4.81,4.81,4.81
1960,4.62,4.62,4.62,4.62,4.62
1961,4.55,4.55,4.55,4.55,4.55
1962,4.68,4.68,4.68,4.68,4.68
1963,4.69,4.69,4.69,4.69,4.69
1964,4.70,4.70,4.70,4.70,4.70
1965,4.81,4.81,4.81,4.81,4.81
1966,4.84,4.84,4.84,4.84,4.84
1967,4.69,4.69,4.69,4.69,4.69
1968,5.28,5.28,5.28,5.28,5.28
1969,5.22,5.22,5.22,5.22,5.22
1970,5.34,5.34,5.34,5.34,5.34
1971,5.33,5.33,5.33,5.33,5.33
1972,5.38,5.38,5.38,5.38,5.38
1973,5.27,5.27,5.27,5.27,5.27
1974,4.89,4.89,4.89,4.89,4.89
1975,4.91,4.91,4.91,4.91,4.91
1976,4.83,4.83,4.83,4.83,4.83
1977,4.86,4.86,4.86,4.86,4.86
1978,4.93,4.93,4.93,4.93,4.93
1979,4.94,4.94,4.94,4.94,4.94
1980,4.99,4.99,4.99,4.99,4.99
1981,4.98,4.98,4.98,4.98,4.98
1982,4.82,4.82,4.82,4.82,4.82
1983,4.61,4.61,4.61,4.61,4.61
1984,4.70,4.70,4.70,4.70,4.70
1985,4.92,4.92,4.92,4.92,4.92
1986,4.86,4.86,4.86,4.86,4.86
1987,4.87,4.87,4.87,4.87,4.87
1988,4.96,4.96,4.96,4.96,4.96
1989,4.92,4.92,4.92,4.92,4.92
1990,4.77,4.77,4.77,4.77,4.77
1991,5.03,5.03,5.03,5.03,5.03
1992,5.01,5.01,5.01,5.01,5.01
1993,4.42,4.42,4.42,4.42,4.42
1994,4.27,4.27,4.27,4.27,4.27
1995,4.36,4.36,4.36,4.36,4.36
1996,4.39,4.39,4.39,4.39,4.39
1997,4.22,4.22,4.22,4.22,4.22
1998,4.41,4.41,4.41,4.41,4.41
1999,4.27,4.27,4.27,4.27,4.27
2000,4.33,4.33,4.33,4.33,4.33
2001,4.46,4.46,4.46,4.46,4.46
2002,5.26,5.26,5.26,5.26,5.26
2003,5.51,5.51,5.51,5.51,5.51
2004,5.60,5.60,5.60,5.60,5.60
2005,5.91,5.91,5.91,5.91,5.91
2006,5.83,5.83,5.83,5.83,5.83
2007,5.60,5.60,5.60,5.60,5.60
2008,5.69,5.69,5.69,5.69,5.69
2009,5.45,5.45,5.45,5.45,5.45
2010,5.69,5.69,5.69,5.69,5.69
2011,5.87,5.87,5.87,5.87,5.87
2012,5.96,5.96,5.96,5.96,5.96
2013,6.10,6.10,6.10,6.10,6.10
